# This file uses centimeters as units for non-parametric coordinates.

mtllib MS_Bedv2.mtl
g default
v -87.356804 13.659164 85.278107
v -87.356804 324.514862 85.278107
v -128.052139 13.659164 85.278107
v -128.052139 324.514862 85.278107
v -128.052139 13.659164 -158.771652
v -128.052139 324.514862 -158.771652
v -87.356804 13.659164 -158.771652
v -87.356804 324.514862 -158.771652
v -128.052124 13.659195 -132.690735
v -87.356804 13.659164 -137.948471
v -87.229683 324.514862 -130.265030
v -127.925018 324.514862 -130.265045
v -128.052139 13.659164 1.208534
v -87.356804 13.659164 1.208549
v -87.356804 324.514862 6.859108
v -128.052139 324.514862 6.859093
v -87.356804 278.162323 85.278107
v -128.052139 278.162323 85.278107
v -128.052139 278.162323 -132.690735
v -128.052139 278.162323 -158.771652
v -87.356804 278.162323 -158.771652
v -87.356804 225.261703 85.278107
v -128.052139 225.261703 85.278107
v -128.052139 225.261703 1.208534
v -128.052124 225.261703 -132.690735
v -128.052139 225.261703 -158.771652
v -87.356804 225.261703 -158.771652
v -87.356804 98.300186 85.278107
v -128.052139 98.300186 85.278107
v -128.052139 98.300186 1.208534
v -128.052139 98.300186 -132.690735
v -128.052139 98.300186 -158.771652
v -87.356804 98.300186 -158.771652
v -128.052139 149.084778 1.208546
v -128.052139 149.084778 85.278107
v -87.356804 149.084778 85.278107
v -87.356804 149.084778 -158.771652
v -128.052139 149.084778 -158.771652
v -128.052139 149.084778 -132.690735
v -86.515862 220.511459 -124.581345
v -86.515862 228.495193 -132.565079
v -87.356812 225.261703 -141.530304
v -118.678848 228.495193 -132.565079
v -118.678833 220.511459 -124.581345
v -86.515862 228.495193 5.568287
v -87.356812 225.261703 25.367170
v -86.515862 220.511459 -2.415417
v -118.678848 228.495193 5.568295
v -118.678833 220.511459 -2.415417
v -86.515862 267.975891 -132.565079
v -87.356812 278.162323 -141.530304
v -86.515862 275.959625 -124.581345
v -118.678833 275.959625 -124.581345
v -118.678848 267.975891 -132.565079
v -86.515862 275.959625 -2.415417
v -87.356812 278.162323 25.367170
v -86.515862 267.975891 5.568287
v -118.678848 267.975891 5.568295
v -87.356804 98.300186 -126.749741
v -87.356804 105.917068 -134.366669
v -87.356812 98.300186 -141.530304
v -122.282227 105.917068 -134.366669
v -122.282227 98.300186 -126.749741
v -87.356804 105.917068 -2.579803
v -87.356812 98.300186 25.367170
v -87.356804 98.300186 -10.196728
v -122.282227 105.917068 -2.579800
v -122.282227 98.300186 -10.196728
v -87.356804 141.467865 -134.366669
v -87.356812 149.084778 -141.530304
v -87.356804 149.084778 -126.749741
v -122.282227 149.084778 -126.749741
v -122.282227 141.467865 -134.366669
v -87.356804 149.084778 -10.196728
v -87.356804 141.467865 -2.579803
v -87.356812 149.084778 25.367170
v -122.282227 141.467865 -2.579800
v -122.282227 149.084778 -10.196728
v -87.356804 13.659164 -127.432938
v -87.356804 63.527668 85.278107
v -128.052139 63.527668 85.278107
v -128.052139 63.527668 1.208534
v -128.052139 63.527668 -132.690735
v -128.052139 63.527668 -158.771652
v -87.356804 63.527668 -158.771652
v -87.356812 63.527668 -132.498123
v -87.356812 63.527668 0.864578
v -128.052139 167.081177 1.208546
v -128.052139 167.081177 85.278107
v -87.356804 167.081177 85.278107
v -87.356812 167.081161 0.598465
v -87.356812 167.081161 -132.349121
v -87.356804 167.081177 -158.771652
v -128.052139 167.081177 -158.771652
v -128.052139 167.081177 -132.690735
v -128.052139 184.031128 1.208546
v -128.052139 184.031128 85.278107
v -87.356804 184.031128 85.278107
v -87.356812 184.031128 0.598465
v -87.356812 184.031128 -132.349121
v -87.356804 184.031128 -158.771652
v -128.052139 184.031128 -158.771652
v -128.052139 184.031128 -132.690735
v 46.993942 13.659164 1.208534
v 46.993942 63.527668 0.864578
v 46.993942 63.527668 -158.771667
v 46.993942 63.527668 -132.498123
v 46.993942 13.659164 -132.690750
v 46.993942 13.659164 -158.771667
v 46.993942 63.527668 85.278091
v 46.993942 13.659164 85.278091
v 46.993942 167.081177 85.278091
v 46.993942 167.081177 0.598465
v 46.993942 184.031128 0.598465
v 46.993942 184.031128 85.278091
v 46.993942 184.031128 -132.349121
v 46.993942 167.081177 -132.349121
v 46.993942 184.031128 -158.771667
v 46.993942 167.081177 -158.771667
v -127.230644 277.795227 -1.092979
v -127.230644 277.795227 -1.092979
v -118.678833 277.795227 -1.092979
v -127.230644 277.795227 -1.092979
v -127.230644 277.795227 -1.092979
v -87.356812 184.031128 -121.748276
v -87.356812 184.031128 -138.985168
vt 0.439948 0.132285
vt 0.439948 0.173116
vt 0.371114 0.173116
vt 0.371114 0.132285
vt 0.439948 0.201587
vt 0.371114 0.201587
vt 0.261482 0.173116
vt 0.261482 0.132285
vt 0.371114 0.243168
vt 0.439948 0.243168
vt 0.261482 0.201587
vt 0.240128 0.173116
vt 0.240128 0.132285
vt 0.261482 0.243168
vt 0.439948 0.257902
vt 0.371114 0.257902
vt 0.240128 0.201587
vt 0.240128 0.243168
vt 0.261482 0.257902
vt 0.439948 0.271780
vt 0.371114 0.271780
vt 0.240128 0.257902
vt 0.261482 0.271780
vt 0.371114 0.305539
vt 0.439948 0.305539
vt 0.240128 0.271780
vt 0.261482 0.305539
vt 0.369230 0.348552
vt 0.439948 0.348852
vt 0.240128 0.305539
vt 0.261482 0.348852
vt 0.369230 0.348552
vt 0.240128 0.348852
vt 0.263468 0.386804
vt 0.240128 0.386804
vt 0.369230 0.348552
vt 0.375741 0.386804
vt 0.925865 0.140280
vt 0.925865 0.161792
vt 0.885035 0.161634
vt 0.885035 0.140280
vt 0.925865 0.270984
vt 0.885035 0.271266
vt 0.925865 0.340099
vt 0.885035 0.340099
vt 0.431744 0.086035
vt 0.393490 0.092546
vt 0.393790 0.021826
vt 0.431744 0.021826
vt 0.866369 0.549055
vt 0.866369 0.572398
vt 0.828414 0.563173
vt 0.828414 0.549055
vt 0.820073 0.570514
vt 0.785096 0.563173
vt 0.785096 0.549055
vt 0.826610 0.577052
vt 0.787744 0.570514
vt 0.751335 0.565257
vt 0.751335 0.549055
vt 0.866369 0.684682
vt 0.826610 0.677087
vt 0.751335 0.570691
vt 0.820073 0.683625
vt 0.781206 0.577052
vt 0.751335 0.579372
vt 0.828414 0.699837
vt 0.781206 0.677087
vt 0.751335 0.679555
vt 0.828414 0.748895
vt 0.866369 0.748895
vt 0.785096 0.699837
vt 0.787744 0.683625
vt 0.785096 0.748895
vt 0.751335 0.748895
vt 0.091933 0.283051
vt 0.050352 0.283051
vt 0.056589 0.260169
vt 0.085696 0.260169
vt 0.050352 0.332103
vt 0.091933 0.332103
vt 0.021882 0.262989
vt 0.106667 0.262771
vt 0.021882 0.332103
vt 0.106667 0.332103
vt 0.050352 0.253933
vt 0.091933 0.253933
vt 0.021882 0.153797
vt 0.050352 0.158504
vt 0.106667 0.153919
vt 0.091933 0.158504
vt 0.056589 0.152267
vt 0.085696 0.152267
vt 0.050352 0.146402
vt 0.091933 0.146402
vt 0.050352 0.132285
vt 0.021882 0.132285
vt 0.106667 0.132285
vt 0.091933 0.132285
vt 0.389848 0.028062
vt 0.348268 0.028062
vt 0.354504 0.021826
vt 0.383612 0.021826
vt 0.389848 0.123491
vt 0.348268 0.123491
vt 0.354504 0.129727
vt 0.383612 0.129727
vt 0.110360 0.332104
vt 0.110360 0.262771
vt 0.124238 0.262771
vt 0.124238 0.332104
vt 0.124238 0.153919
vt 0.110360 0.153919
vt 0.124238 0.132285
vt 0.110360 0.132285
vt 0.096221 0.334481
vt 0.102773 0.341032
vt 0.057273 0.341032
vt 0.063824 0.334481
vt 0.104279 0.442364
vt 0.057273 0.441279
vt 0.096221 0.447830
vt 0.063824 0.447830
vt 0.635330 0.152811
vt 0.668650 0.152811
vt 0.668650 0.221644
vt 0.635330 0.221644
vt 0.635330 0.043180
vt 0.668650 0.047484
vt 0.778651 0.152811
vt 0.778651 0.221644
vt 0.668650 0.038875
vt 0.778651 0.043180
vt 0.668650 0.021826
vt 0.635330 0.021826
vt 0.778651 0.021826
vt 0.928291 0.146993
vt 0.958972 0.146993
vt 0.958972 0.249385
vt 0.928291 0.249385
vt 0.958972 0.140302
vt 0.928291 0.140302
vt 0.958972 0.256076
vt 0.928291 0.256076
vt 0.929777 0.028536
vt 0.960545 0.028536
vt 0.960545 0.131215
vt 0.926324 0.132326
vt 0.960545 0.021826
vt 0.929777 0.021826
vt 0.960545 0.137925
vt 0.929777 0.137925
vt 0.385625 0.357516
vt 0.414897 0.357516
vt 0.414897 0.455203
vt 0.385625 0.455203
vt 0.414897 0.351132
vt 0.385625 0.351132
vt 0.414897 0.461587
vt 0.385625 0.461587
vt 0.928291 0.264837
vt 0.957563 0.264837
vt 0.957563 0.362524
vt 0.928291 0.362524
vt 0.957563 0.258453
vt 0.928291 0.258453
vt 0.957563 0.368908
vt 0.928291 0.368908
vt 0.021882 0.931961
vt 0.021882 0.910449
vt 0.131883 0.910449
vt 0.131883 0.931961
vt 0.021882 0.801257
vt 0.131883 0.801257
vt 0.021882 0.732143
vt 0.131883 0.732143
vt 0.409219 0.921550
vt 0.409219 0.852218
vt 0.519220 0.852218
vt 0.519220 0.921550
vt 0.409219 0.743366
vt 0.519220 0.743366
vt 0.409219 0.721732
vt 0.519220 0.721732
vt 0.521292 0.791064
vt 0.521292 0.721732
vt 0.631293 0.721732
vt 0.631293 0.791064
vt 0.631293 0.899917
vt 0.521292 0.891237
vt 0.521292 0.899917
vt 0.521292 0.905350
vt 0.631293 0.921550
vt 0.521292 0.921550
vt 0.885035 0.342476
vt 0.918354 0.342476
vt 0.918354 0.406682
vt 0.885035 0.406682
vt 0.918459 0.518954
vt 0.885139 0.518954
vt 0.918354 0.542294
vt 0.885035 0.542294
vt 0.273448 0.389181
vt 0.273448 0.430011
vt 0.240128 0.430011
vt 0.240128 0.389181
vt 0.383449 0.389181
vt 0.383449 0.430011
vt 0.273448 0.458482
vt 0.240128 0.458482
vt 0.273448 0.500062
vt 0.240128 0.500062
vt 0.273448 0.514797
vt 0.240128 0.514797
vt 0.273448 0.528675
vt 0.240128 0.528675
vt 0.383449 0.514797
vt 0.383449 0.528675
vt 0.273448 0.562433
vt 0.240128 0.562433
vt 0.273448 0.605746
vt 0.240128 0.605746
vt 0.273448 0.643697
vt 0.240128 0.643697
vt 0.021882 0.596027
vt 0.021882 0.555197
vt 0.055202 0.555197
vt 0.055202 0.596027
vt 0.021882 0.526727
vt 0.055202 0.526727
vt 0.165202 0.555197
vt 0.165202 0.596027
vt 0.021882 0.485146
vt 0.055202 0.485146
vt 0.021882 0.470412
vt 0.055202 0.470412
vt 0.021882 0.456534
vt 0.055202 0.456534
vt 0.021882 0.422776
vt 0.055202 0.422776
vt 0.165202 0.456534
vt 0.165202 0.470412
vt 0.021882 0.379463
vt 0.055202 0.379463
vt 0.021882 0.341511
vt 0.055202 0.341511
vt 0.409219 0.092578
vt 0.439192 0.092578
vt 0.439192 0.124903
vt 0.409219 0.124903
vt 0.053341 0.210403
vt 0.081936 0.210403
vt 0.081936 0.239510
vt 0.053341 0.239510
vt 0.780827 0.191102
vt 0.809423 0.191102
vt 0.809423 0.220210
vt 0.780827 0.220210
vt 0.865853 0.217927
vt 0.835880 0.217927
vt 0.835880 0.185602
vt 0.865853 0.185602
vn 0.000000 0.000000 1.000000
vn 0.000000 0.000000 1.000000
vn 0.000000 0.000000 1.000000
vn 0.000000 0.000000 1.000000
vn -1.000000 0.000000 0.000000
vn -1.000000 0.000000 0.000000
vn -1.000000 0.000000 0.000000
vn -1.000000 0.000000 0.000000
vn 0.000000 0.000000 -1.000000
vn 0.000000 0.000000 -1.000000
vn 0.000000 0.000000 -1.000000
vn 0.000000 0.000000 -1.000000
vn 0.000000 -1.000000 0.000000
vn 0.000000 -1.000000 0.000000
vn 0.000000 -1.000000 0.000000
vn 0.000000 -1.000000 0.000000
vn -0.000000 -1.000000 0.000001
vn -0.000000 -1.000000 0.000001
vn -0.000000 -1.000000 0.000001
vn -0.000000 -1.000000 0.000001
vn 1.000000 0.000000 0.000000
vn 1.000000 0.000000 0.000000
vn 1.000000 0.000000 0.000000
vn 1.000000 0.000000 0.000000
vn -1.000000 -0.000000 0.000000
vn -1.000000 -0.000000 0.000000
vn -1.000000 -0.000000 0.000000
vn -1.000000 -0.000000 0.000000
vn -0.000001 -1.000000 0.000000
vn -0.000001 -1.000000 0.000000
vn -0.000001 -1.000000 0.000000
vn 0.000000 0.000000 1.000000
vn 0.000000 0.000000 1.000000
vn 0.000000 0.000000 1.000000
vn 0.000000 0.000000 1.000000
vn -0.999952 -0.008402 -0.004966
vn -0.999952 -0.008402 -0.004966
vn -0.999952 -0.008402 -0.004966
vn -0.999952 -0.008402 -0.004966
vn -0.999996 0.001310 0.002329
vn -0.999996 0.001310 0.002329
vn -0.999996 0.001310 0.002329
vn -0.999996 0.001310 0.002329
vn 0.000000 0.000000 -1.000000
vn 0.000000 0.000000 -1.000000
vn 0.000000 0.000000 -1.000000
vn 0.000000 0.000000 -1.000000
vn 0.999996 -0.001034 -0.002779
vn 0.999996 -0.001034 -0.002779
vn 0.999996 -0.001034 -0.002779
vn 0.999996 -0.001034 -0.002779
vn 0.999281 0.014059 0.035211
vn 0.999281 0.014059 0.035211
vn 0.999281 0.014059 0.035211
vn 0.000000 0.000000 1.000000
vn 0.000000 0.000000 1.000000
vn 0.000000 0.000000 1.000000
vn 0.000000 0.000000 1.000000
vn -0.999959 0.007686 -0.004836
vn -0.999959 0.007686 -0.004836
vn -0.999959 0.007686 -0.004836
vn -0.999959 0.007686 -0.004836
vn -1.000000 -0.000000 0.000000
vn -1.000000 -0.000000 0.000000
vn -1.000000 -0.000000 0.000000
vn -1.000000 -0.000000 0.000000
vn 0.000000 0.000000 -1.000000
vn 0.000000 0.000000 -1.000000
vn 0.000000 0.000000 -1.000000
vn 0.000000 0.000000 -1.000000
vn 1.000000 0.000000 0.000000
vn 1.000000 0.000000 0.000000
vn 1.000000 0.000000 0.000000
vn 1.000000 0.000000 0.000000
vn 0.999099 0.000000 0.042436
vn 0.999099 0.000000 0.042436
vn 0.999099 0.000000 0.042436
vn 0.999099 0.000000 0.042436
vn 0.000000 0.000000 1.000000
vn 0.000000 0.000000 1.000000
vn 0.000000 0.000000 1.000000
vn 0.000000 0.000000 1.000000
vn -1.000000 0.000000 0.000000
vn -1.000000 0.000000 0.000000
vn -1.000000 0.000000 0.000000
vn -1.000000 0.000000 0.000000
vn -1.000000 0.000000 0.000000
vn -1.000000 0.000000 0.000000
vn -1.000000 0.000000 0.000000
vn -1.000000 0.000000 0.000000
vn 0.000000 0.000000 -1.000000
vn 0.000000 0.000000 -1.000000
vn 0.000000 0.000000 -1.000000
vn 0.000000 0.000000 -1.000000
vn 1.000000 0.000000 0.000000
vn 1.000000 0.000000 0.000000
vn 1.000000 0.000000 0.000000
vn 1.000000 0.000000 0.000000
vn 0.998984 -0.023213 0.038640
vn 0.998984 -0.023213 0.038640
vn 0.998984 -0.023213 0.038640
vn -1.000000 -0.000000 0.000000
vn -1.000000 -0.000000 0.000000
vn -1.000000 -0.000000 0.000000
vn -1.000000 -0.000000 0.000000
vn 0.000000 0.000000 1.000000
vn 0.000000 0.000000 1.000000
vn 0.000000 0.000000 1.000000
vn 0.000000 0.000000 1.000000
vn 1.000000 0.000000 0.000000
vn 1.000000 0.000000 0.000000
vn 1.000000 0.000000 0.000000
vn 1.000000 0.000000 0.000000
vn 1.000000 0.000000 0.000000
vn 1.000000 0.000000 0.000000
vn 1.000000 0.000000 0.000000
vn 1.000000 0.000000 0.000000
vn 0.000000 0.000000 -1.000000
vn 0.000000 0.000000 -1.000000
vn 0.000000 0.000000 -1.000000
vn 0.000000 0.000000 -1.000000
vn -1.000000 0.000000 0.000000
vn -1.000000 0.000000 0.000000
vn -1.000000 0.000000 0.000000
vn -1.000000 0.000000 0.000000
vn 0.000000 1.000000 0.000000
vn 0.000000 1.000000 0.000000
vn 0.000000 1.000000 0.000000
vn 0.000000 1.000000 0.000000
vn -0.028370 -0.999570 0.007469
vn -0.028370 -0.999570 0.007469
vn -0.028370 -0.999570 0.007469
vn -0.028370 -0.999570 0.007469
vn -0.000000 0.000000 -1.000000
vn -0.000000 0.000000 -1.000000
vn -0.000000 0.000000 -1.000000
vn -0.000000 0.000000 -1.000000
vn 0.000000 1.000000 0.000000
vn 0.000000 1.000000 0.000000
vn 0.000000 1.000000 0.000000
vn 0.000000 1.000000 0.000000
vn 0.000000 0.000000 1.000000
vn 0.000000 0.000000 1.000000
vn 0.000000 0.000000 1.000000
vn 0.000000 0.000000 1.000000
vn 0.000000 -1.000000 0.000000
vn 0.000000 -1.000000 0.000000
vn 0.000000 -1.000000 0.000000
vn 0.000000 -1.000000 0.000000
vn -0.000000 0.000000 -1.000000
vn -0.000000 0.000000 -1.000000
vn -0.000000 0.000000 -1.000000
vn -0.000000 0.000000 -1.000000
vn 1.000000 0.000000 0.000000
vn 1.000000 0.000000 0.000000
vn 1.000000 0.000000 0.000000
vn 1.000000 0.000000 0.000000
vn 0.999547 -0.021284 0.021283
vn 0.999547 -0.021284 0.021283
vn 0.999547 -0.021284 0.021283
vn -0.000000 0.707106 -0.707108
vn -0.000000 0.707106 -0.707108
vn -0.000000 0.707106 -0.707108
vn -0.000000 0.707106 -0.707108
vn 0.000000 -0.707107 0.707106
vn 0.000000 -0.707107 0.707106
vn 0.000000 -0.707107 0.707106
vn 0.000000 -0.707107 0.707106
vn 0.000000 0.707109 0.707105
vn 0.000000 0.707109 0.707105
vn 0.000000 0.707109 0.707105
vn 0.000000 0.707109 0.707105
vn -0.000000 0.707109 -0.707105
vn -0.000000 0.707109 -0.707105
vn -0.000000 0.707109 -0.707105
vn -0.000000 0.707109 -0.707105
vn 0.000000 -0.707107 0.707106
vn 0.000000 -0.707107 0.707106
vn 0.000000 -0.707107 0.707106
vn 0.000000 -0.707107 0.707106
vn -0.000000 -0.707107 -0.707106
vn -0.000000 -0.707107 -0.707106
vn -0.000000 -0.707107 -0.707106
vn -0.000000 -0.707107 -0.707106
vn 0.999789 0.014539 0.014539
vn 0.999789 0.014539 0.014539
vn 0.999789 0.014539 0.014539
vn 1.000000 -0.000000 -0.000000
vn 1.000000 -0.000000 -0.000000
vn 1.000000 -0.000000 -0.000000
vn 1.000000 -0.000000 -0.000000
vn 1.000000 0.000000 -0.000000
vn 1.000000 0.000000 -0.000000
vn 1.000000 0.000000 -0.000000
vn 1.000000 0.000000 -0.000000
vn 1.000000 0.000000 -0.000000
vn 1.000000 0.000000 -0.000000
vn 1.000000 0.000000 -0.000000
vn 1.000000 0.000000 -0.000000
vn 1.000000 0.000000 -0.000000
vn 1.000000 0.000000 -0.000000
vn 1.000000 0.000000 -0.000000
vn 1.000000 0.000000 -0.000000
vn 1.000000 0.000000 0.000000
vn 1.000000 0.000000 0.000000
vn 1.000000 0.000000 0.000000
vn 1.000000 0.000000 0.000000
vn 1.000000 0.000000 0.000000
vn 1.000000 0.000000 0.000000
vn 1.000000 0.000000 0.000000
vn 1.000000 0.000000 0.000000
vn 0.999736 -0.021115 -0.009071
vn 0.999736 -0.021115 -0.009071
vn 0.999736 -0.021115 -0.009071
vn 0.999736 -0.021115 -0.009071
vn 0.999827 0.013158 -0.013158
vn 0.999827 0.013158 -0.013158
vn 0.999827 0.013158 -0.013158
vn -0.000000 -1.000000 -0.000000
vn -0.000000 -1.000000 -0.000000
vn -0.000000 -1.000000 -0.000000
vn -0.000000 -1.000000 -0.000000
vn -1.000000 -0.000000 -0.000000
vn -1.000000 -0.000000 -0.000000
vn -1.000000 -0.000000 -0.000000
vn -1.000000 -0.000000 -0.000000
vn -1.000000 0.000000 0.000000
vn -1.000000 0.000000 0.000000
vn -1.000000 0.000000 0.000000
vn -1.000000 0.000000 0.000000
vn -1.000000 0.000000 -0.000000
vn -1.000000 0.000000 -0.000000
vn -1.000000 0.000000 -0.000000
vn -1.000000 0.000000 -0.000000
vn -0.999964 0.007859 0.003105
vn -0.999964 0.007859 0.003105
vn -0.999964 0.007859 0.003105
vn -0.999964 0.007859 0.003105
vn -0.999967 -0.007748 0.002573
vn -0.999967 -0.007748 0.002573
vn -0.999967 -0.007748 0.002573
vn -0.999967 -0.007748 0.002573
vn 0.999872 0.015990 0.000490
vn 0.999872 0.015990 0.000490
vn 0.999872 0.015990 0.000490
vn 0.999872 0.015990 0.000490
vn 1.000000 0.000000 0.000000
vn 1.000000 0.000000 0.000000
vn 1.000000 0.000000 0.000000
vn 1.000000 0.000000 0.000000
vn 1.000000 0.000000 0.000000
vn 1.000000 0.000000 0.000000
vn 1.000000 0.000000 0.000000
vn 1.000000 0.000000 0.000000
vn 0.997006 0.015667 -0.075718
vn 0.997006 0.015667 -0.075718
vn 0.997006 0.015667 -0.075718
vn 0.995630 0.000000 -0.093391
vn 0.995630 0.000000 -0.093391
vn 0.995629 0.000000 -0.093391
vn 0.995629 0.000000 -0.093391
vn 1.000000 0.000000 -0.000001
vn 1.000000 0.000000 -0.000001
vn 1.000000 0.000000 -0.000001
vn 1.000000 0.000000 -0.000001
vn 0.000000 0.000000 1.000000
vn 0.000000 0.000000 1.000000
vn 0.000000 0.000000 1.000000
vn 0.000000 0.000000 1.000000
vn -1.000000 0.000000 0.000000
vn -1.000000 0.000000 0.000000
vn -1.000000 0.000000 0.000000
vn -1.000000 0.000000 0.000000
vn -1.000000 0.000000 0.000000
vn -1.000000 0.000000 0.000000
vn -1.000000 0.000000 0.000000
vn -1.000000 0.000000 0.000000
vn -1.000000 0.000000 0.000000
vn -1.000000 0.000000 0.000000
vn -1.000000 0.000000 0.000000
vn -1.000000 0.000000 0.000000
vn 0.000000 0.000000 -1.000000
vn 0.000000 0.000000 -1.000000
vn 0.000000 0.000000 -1.000000
vn 0.000000 0.000000 -1.000000
vn 1.000000 0.000000 0.000000
vn 1.000000 0.000000 0.000000
vn 1.000000 0.000000 0.000000
vn 1.000000 0.000000 0.000000
vn 1.000000 0.000000 -0.000001
vn 1.000000 0.000000 -0.000001
vn 1.000000 0.000000 -0.000001
vn 1.000000 -0.000000 -0.000000
vn 1.000000 -0.000000 -0.000000
vn 1.000000 -0.000000 -0.000000
vn 1.000000 -0.000000 0.000000
vn 1.000000 -0.000000 0.000000
vn 1.000000 -0.000000 0.000000
vn 1.000000 -0.000000 0.000000
vn 1.000000 -0.000000 0.000000
vn 1.000000 -0.000000 0.000000
vn 1.000000 -0.000000 0.000000
vn 1.000000 0.000000 0.000000
vn 1.000000 0.000000 0.000000
vn 1.000000 0.000000 0.000000
vn 1.000000 0.000000 -0.000000
vn 1.000000 0.000000 -0.000000
vn 1.000000 0.000000 -0.000000
vn 1.000000 0.000000 -0.000000
vn -1.000000 0.000000 0.000000
vn -1.000000 0.000000 0.000000
vn -1.000000 0.000000 0.000000
vn -1.000000 0.000000 0.000000
vn 0.000000 0.000000 1.000000
vn 0.000000 0.000000 1.000000
vn 0.000000 0.000000 1.000000
vn 0.000000 0.000000 1.000000
vn 1.000000 -0.000000 -0.000000
vn 1.000000 -0.000000 -0.000000
vn 1.000000 -0.000000 -0.000000
vn 1.000000 -0.000000 -0.000000
vn 1.000000 -0.000000 0.000000
vn 1.000000 -0.000000 0.000000
vn 1.000000 -0.000000 0.000000
vn 1.000000 0.000001 0.000000
vn 1.000000 0.000001 0.000000
vn 1.000000 0.000001 0.000000
vn 1.000000 0.000001 0.000000
vn 1.000000 0.000001 0.000000
vn 1.000000 0.000001 0.000000
vn 1.000000 0.000001 0.000000
vn 1.000000 0.000000 -0.000000
vn 1.000000 0.000000 -0.000000
vn 1.000000 0.000000 -0.000000
vn 1.000000 0.000000 -0.000001
vn 1.000000 0.000000 -0.000001
vn 1.000000 0.000000 -0.000001
vn 1.000000 0.000000 0.000000
vn 1.000000 0.000000 0.000000
vn 1.000000 0.000000 0.000000
vn 1.000000 0.000000 0.000000
vn 0.000000 0.000000 -1.000000
vn 0.000000 0.000000 -1.000000
vn 0.000000 0.000000 -1.000000
vn 0.000000 0.000000 -1.000000
vn -1.000000 0.000000 0.000000
vn -1.000000 0.000000 0.000000
vn -1.000000 0.000000 0.000000
vn -1.000000 0.000000 0.000000
vn -1.000000 0.000000 0.000000
vn -1.000000 0.000000 0.000000
vn -1.000000 0.000000 0.000000
vn -1.000000 0.000000 0.000000
vn -1.000000 0.000000 0.000000
vn -1.000000 0.000000 0.000000
vn -1.000000 0.000000 0.000000
vn -1.000000 0.000000 0.000000
vn 0.000000 0.000000 1.000000
vn 0.000000 0.000000 1.000000
vn 0.000000 0.000000 1.000000
vn 0.000000 0.000000 1.000000
vn 1.000000 0.000000 0.000000
vn 1.000000 0.000000 0.000000
vn 1.000000 0.000000 0.000000
vn 1.000000 0.000000 0.000000
vn 1.000000 0.000000 0.000000
vn 1.000000 0.000000 0.000000
vn 1.000000 0.000000 0.000000
vn 1.000000 0.000000 0.000000
vn 1.000000 0.000000 0.000000
vn 1.000000 0.000000 0.000000
vn 1.000000 0.000000 0.000000
vn 1.000000 0.000000 0.000000
vn 0.000000 0.000000 -1.000000
vn 0.000000 0.000000 -1.000000
vn 0.000000 0.000000 -1.000000
vn 0.000000 0.000000 -1.000000
vn -1.000000 0.000000 0.000000
vn -1.000000 0.000000 0.000000
vn -1.000000 0.000000 0.000000
vn -1.000000 0.000000 0.000000
vn -1.000000 0.000000 0.000000
vn -1.000000 0.000000 0.000000
vn -1.000000 0.000000 0.000000
vn -1.000000 0.000000 0.000000
vn 0.000000 1.000000 -0.000000
vn 0.000000 1.000000 -0.000000
vn 0.000000 1.000000 -0.000000
vn 0.000000 1.000000 -0.000000
vn 0.000000 -1.000000 0.000000
vn 0.000000 -1.000000 0.000000
vn 0.000000 -1.000000 0.000000
vn 0.000000 -1.000000 0.000000
vn -0.000000 0.000000 -1.000000
vn -0.000000 0.000000 -1.000000
vn -0.000000 0.000000 -1.000000
vn -0.000000 0.000000 -1.000000
vn 0.000000 -1.000000 0.000000
vn 0.000000 -1.000000 0.000000
vn 0.000000 -1.000000 0.000000
vn 0.000000 1.000000 0.000000
vn 0.000000 1.000000 0.000000
vn 0.000000 1.000000 0.000000
vn 0.000000 1.000000 0.000000
vn 0.000000 0.000000 1.000000
vn 0.000000 0.000000 1.000000
vn 0.000000 0.000000 1.000000
vn 0.000000 0.000000 1.000000
vn 0.000000 -1.000000 0.000000
vn 0.000000 -1.000000 0.000000
vn 0.000000 -1.000000 0.000000
vn 0.000000 -1.000000 0.000000
vn 0.000000 1.000000 0.000000
vn 0.000000 1.000000 0.000000
vn 0.000000 1.000000 0.000000
vn 0.000000 1.000000 0.000000
vn 0.000000 -1.000000 0.000000
vn 0.000000 -1.000000 0.000000
vn 0.000000 -1.000000 0.000000
vn 0.000000 -1.000000 0.000000
vn 0.000000 -1.000000 -0.000000
vn 0.000000 -1.000000 -0.000000
vn 0.000000 -1.000000 -0.000000
vn 0.000000 -1.000000 -0.000000
vn 0.000000 1.000000 0.000000
vn 0.000000 1.000000 0.000000
vn 0.000000 1.000000 0.000000
vn 0.000000 1.000000 0.000000
vn 0.000000 0.000000 1.000000
vn 0.000000 0.000000 1.000000
vn 0.000000 0.000000 1.000000
vn 0.000000 0.000000 1.000000
vn 0.000000 1.000000 0.000000
vn 0.000000 1.000000 0.000000
vn 0.000000 1.000000 0.000000
vn 0.000000 -1.000000 0.000000
vn 0.000000 -1.000000 0.000000
vn 0.000000 -1.000000 0.000000
vn 0.000000 -1.000000 0.000000
vn 0.000000 -1.000000 0.000001
vn 0.000000 -1.000000 0.000001
vn 0.000000 -1.000000 0.000001
vn 0.000000 -1.000000 0.000001
vn -0.000000 0.000000 -1.000000
vn -0.000000 0.000000 -1.000000
vn -0.000000 0.000000 -1.000000
vn -0.000000 0.000000 -1.000000
vn 0.000000 1.000000 0.000000
vn 0.000000 1.000000 0.000000
vn 0.000000 1.000000 0.000000
vn 0.000000 1.000000 0.000000
vn 0.000000 1.000000 0.000000
vn 0.000000 1.000000 0.000000
vn 0.000000 1.000000 0.000000
vn 0.000000 1.000000 0.000000
vn 0.000000 1.000000 -0.000000
vn 0.000000 1.000000 -0.000000
vn 0.000000 1.000000 -0.000000
vn 0.000000 1.000000 -0.000000
vn 0.000000 1.000000 0.000000
vn 0.000000 1.000000 0.000000
vn 0.000000 1.000000 0.000000
vn 0.000000 1.000000 0.000000
vn 0.999734 -0.023046 0.000000
vn 0.999734 -0.023046 0.000000
vn 0.999734 -0.023046 0.000000
vn 0.999734 -0.023046 0.000000
vn 0.000000 1.000000 0.000000
vn 0.000000 1.000000 0.000000
vn 0.000000 1.000000 0.000000
vn 0.998610 -0.011457 -0.051453
vn 0.998610 -0.011457 -0.051453
vn 0.998610 -0.011457 -0.051453
vn 0.998610 -0.011457 -0.051453
vn 0.000000 1.000000 0.000000
vn 0.000000 1.000000 0.000000
vn 0.000000 1.000000 0.000000
vn 0.000000 1.000000 0.000000
vn -0.033986 -0.634917 -0.771833
vn -0.033986 -0.634917 -0.771833
vn -0.033986 -0.634917 -0.771833
vn -0.033986 -0.634917 -0.771833
vn 1.000000 0.000000 -0.000002
vn 1.000000 0.000000 -0.000000
vn 1.000000 0.000000 -0.000000
vn 1.000000 0.000000 -0.000002
vn 1.000000 -0.000000 0.000000
vn 1.000000 -0.000000 0.000000
vn 1.000000 -0.000000 0.000002
vn 1.000000 -0.000000 0.000002
vn 0.000000 0.000000 1.000000
vn 0.000000 0.000000 1.000000
vn 0.000000 0.165874 0.986147
vn 0.000000 0.165874 0.986147
vn 0.000000 0.707107 0.707107
vn 0.000000 0.707107 0.707107
s off
g pCube7 MS_Bed
usemtl aiStandardSurface2SG
f 1/203/1 80/204/2 81/205/3 3/206/4
f 3/1/5 81/2/6 82/3/7 13/4/8
f 5/225/9 84/226/10 85/227/11 7/228/12
f 13/124/13 14/125/14 1/126/15 3/127/16
f 7/134/17 10/132/18 9/128/19 5/135/20
f 106/38/21 107/39/22 108/40/23 109/41/24
f 9/8/25 83/7/26 84/12/27 5/13/28
f 9/128/29 10/132/30 79/129/31
f 18/222/32 17/221/33 2/223/34 4/224/35
f 16/46/36 124/47/37 18/48/38 4/49/39
f 20/33/40 19/31/41 12/34/42 6/35/43
f 21/244/44 20/243/45 6/245/46 8/246/47
f 8/50/48 11/51/49 51/52/50 21/53/51
f 15/61/52 56/67/53 57/64/54
f 23/220/55 22/219/56 17/221/57 18/222/58
f 123/28/59 24/24/60 23/25/61 18/29/62
f 26/30/63 25/27/64 19/31/65 20/33/66
f 27/240/67 26/239/68 20/243/69 21/244/70
f 21/53/71 51/52/72 42/55/73 27/56/74
f 56/67/75 46/72/76 45/73/77 57/64/78
f 97/216/79 98/215/80 22/219/81 23/220/82
f 24/24/83 96/21/84 97/20/85 23/25/86
f 102/26/87 103/23/88 25/27/89 26/30/90
f 101/238/91 102/237/92 26/239/93 27/240/94
f 27/56/95 42/55/96 126/59/97 101/60/98
f 46/72/99 99/69/100 45/73/101
f 34/9/102 30/6/103 29/5/104 35/10/105
f 29/210/106 28/209/107 36/211/108 35/212/109
f 76/76/110 65/77/111 64/78/112 75/79/113
f 37/99/114 70/95/115 61/94/116 33/96/117
f 33/230/118 32/229/119 38/233/120 37/234/121
f 32/17/122 31/11/123 39/14/124 38/18/125
f 49/137/126 47/138/127 40/139/128 44/140/129
f 53/145/130 52/146/131 55/147/132 122/148/133
f 58/247/134 57/248/135 45/249/136 48/250/137
f 68/153/138 66/154/139 59/155/140 63/156/141
f 62/251/142 60/252/143 69/253/144 73/254/145
f 72/161/146 71/162/147 74/163/148 78/164/149
f 77/255/150 75/256/151 64/257/152 67/258/153
f 72/100/154 63/101/155 62/102/156 73/103/157
f 99/69/158 47/68/159 45/73/160
f 45/141/161 47/138/162 49/137/163 48/142/164
f 50/149/165 52/146/166 53/145/167 54/150/168
f 59/155/169 60/159/170 62/160/171 63/156/172
f 64/157/173 66/154/174 68/153/175 67/158/176
f 69/165/177 71/162/178 72/161/179 73/166/180
f 74/163/181 75/167/182 77/168/183 78/164/184
f 15/61/185 57/64/186 55/62/187
f 17/70/188 56/67/189 15/61/190 2/71/191
f 22/74/192 46/72/193 56/67/194 17/70/195
f 98/75/196 99/69/197 46/72/198 22/74/199
f 28/80/200 65/77/201 76/76/202 36/81/203
f 104/43/204 105/42/205 110/44/206 111/45/207
f 67/106/208 68/105/209 78/104/210 77/107/211
f 100/63/212 41/58/213 40/65/214 125/66/215
f 11/51/216 52/57/217 50/54/218
f 9/128/219 79/129/220 14/125/221 13/124/222
f 13/4/223 82/3/224 83/7/225 9/8/226
f 39/14/227 31/11/228 30/6/229 34/9/230
f 25/27/231 103/23/232 96/21/233 24/24/234
f 19/31/235 25/27/236 24/24/237 120/32/238
f 12/34/239 19/31/240 121/36/241 16/37/242
f 15/61/243 55/62/244 52/57/245 11/51/246
f 78/104/247 68/105/248 63/101/249 72/100/250
f 108/40/251 107/39/252 105/42/253 104/43/254
f 51/52/255 11/51/256 50/54/257
f 42/55/258 51/52/259 50/54/260 41/58/261
f 61/94/262 70/95/263 69/93/264 60/92/265
f 81/205/266 80/204/267 28/209/268 29/210/269
f 82/3/270 81/2/271 29/5/272 30/6/273
f 83/7/274 82/3/275 30/6/276 31/11/277
f 84/12/278 83/7/279 31/11/280 32/17/281
f 85/227/282 84/226/283 32/229/284 33/230/285
f 33/96/286 61/94/287 86/88/288 85/97/289
f 86/88/290 61/94/291 60/92/292
f 86/88/293 60/92/294 59/89/295
f 87/82/296 86/88/297 59/89/298 66/86/299
f 87/82/300 66/86/301 64/78/302
f 87/82/303 64/78/304 65/77/305
f 80/84/306 87/82/307 65/77/308 28/80/309
f 89/15/310 88/16/311 34/9/312 35/10/313
f 35/212/314 36/211/315 90/213/316 89/214/317
f 36/81/318 76/76/319 91/83/320 90/85/321
f 91/83/322 76/76/323 75/79/324
f 75/79/325 74/87/326 91/83/327
f 92/90/328 91/83/329 74/87/330 71/91/331
f 92/90/332 71/91/333 69/93/334
f 70/95/335 92/90/336 69/93/337
f 93/98/338 92/90/339 70/95/340 37/99/341
f 37/234/342 38/233/343 94/235/344 93/236/345
f 38/18/346 39/14/347 95/19/348 94/22/349
f 88/16/350 95/19/351 39/14/352 34/9/353
f 97/20/354 96/21/355 88/16/356 89/15/357
f 89/214/358 90/213/359 98/215/360 97/216/361
f 112/108/362 113/109/363 114/110/364 115/111/365
f 116/112/366 114/110/367 113/109/368 117/113/369
f 118/114/370 116/112/371 117/113/372 119/115/373
f 93/236/374 94/235/375 102/237/376 101/238/377
f 94/22/378 95/19/379 103/23/380 102/26/381
f 96/21/382 103/23/383 95/19/384 88/16/385
f 85/169/386 86/170/387 107/171/388 106/172/389
f 10/132/390 7/134/391 109/136/392 108/133/393
f 7/228/394 85/227/395 106/231/396 109/232/397
f 79/129/398 10/132/399 108/133/400
f 87/173/401 80/175/402 110/176/403 105/174/404
f 80/204/405 1/203/406 111/207/407 110/208/408
f 1/126/409 14/125/410 104/130/411 111/131/412
f 86/170/413 87/173/414 105/174/415 107/171/416
f 14/125/417 79/129/418 108/133/419 104/130/420
f 90/177/421 91/178/422 113/179/423 112/180/424
f 99/185/425 98/186/426 115/187/427 114/188/428
f 98/215/429 90/213/430 112/217/431 115/218/432
f 100/191/433 125/190/434 116/189/435
f 91/178/436 92/181/437 117/182/438 113/179/439
f 92/181/440 93/183/441 119/184/442 117/182/443
f 93/236/444 101/238/445 118/241/446 119/242/447
f 4/195/448 2/196/449 15/197/450 16/198/451
f 12/200/452 11/199/453 8/201/454 6/202/455
f 16/198/456 15/197/457 11/199/458 12/200/459
f 116/189/460 125/190/461 99/185/462 114/188/463
f 47/68/464 99/69/465 125/66/466 40/65/467
f 126/192/468 100/191/469 116/189/470
f 126/59/471 42/55/472 41/58/473 100/63/474
f 118/193/475 101/194/476 126/192/477 116/189/478
f 57/151/479 58/152/480 122/148/481 55/147/482
s 1
f 54/116/483 53/117/484 44/118/485 43/119/486
f 44/118/485 53/117/484 122/120/487 49/121/488
f 49/121/488 122/120/487 58/122/489 48/123/490
s 2
f 50/259/491 54/260/492 43/261/493 41/262/494
f 41/143/494 43/144/493 44/140/495 40/139/496
g default
v -86.957947 184.288239 86.296654
v -84.692879 183.349991 86.302048
v -84.682190 184.288300 88.567169
v 53.993851 184.288300 86.291336
v 51.723335 184.288239 88.567116
v 51.728729 183.349991 86.302048
v -83.664230 197.620865 85.142258
v -84.573433 197.620865 82.630112
v -86.950188 196.701645 85.254707
v -83.837288 196.718491 88.549843
v -81.469215 197.620865 86.182816
v 50.700066 197.620865 85.142258
v 48.505066 197.620865 86.182816
v 50.825485 196.700592 88.544487
v 53.989311 196.719574 85.304848
v 51.609276 197.620865 82.630112
v -83.664230 197.620865 -143.889526
v -81.469215 197.620865 -144.930084
v -83.789635 196.700592 -147.291748
v -86.953476 196.719574 -144.052124
v -84.573433 197.620865 -141.377365
v 50.700066 197.620865 -143.889526
v 51.609276 197.620865 -141.377365
v 53.986038 196.701645 -144.001953
v 50.873138 196.718491 -147.297089
v 48.505043 197.620865 -144.930084
v -86.958000 184.288300 -145.038620
v -84.687492 184.288239 -147.314362
v -84.692879 183.349991 -145.049316
v 53.993790 184.288239 -145.043930
v 51.728729 183.349991 -145.049316
v 51.718040 184.288300 -147.314438
v -74.254555 198.663544 69.476372
v -73.323189 198.663544 71.527718
v -71.075447 198.663544 72.377197
v 38.112656 198.663544 72.366196
v 40.388931 198.663544 71.519173
v 41.331467 198.663544 69.474800
v 41.290398 198.663544 -128.223648
v 40.359032 198.663544 -130.274979
v 38.111290 198.663544 -131.124451
v -71.076813 198.663544 -131.113464
v -73.353081 198.663544 -130.266449
v -74.295624 198.663544 -128.222061
v -72.518929 184.751373 70.061890
v -70.265800 184.763351 72.276665
v -70.253418 183.890594 69.905106
v 39.554787 184.751373 70.061890
v 37.289276 183.890594 69.905106
v 37.442749 184.682693 72.255318
v 37.503639 184.686234 -131.037399
v 37.409447 183.890594 -128.772537
v 39.591324 184.755920 -128.871796
v -72.518867 184.751297 -128.808380
v -70.253418 183.890594 -128.652344
v -70.407310 184.682755 -131.002594
v -86.537514 184.704315 88.148758
v 53.575432 184.704315 88.146667
v -86.027451 196.710190 87.586136
v 53.050598 196.710007 87.598457
v -86.014763 196.710007 -146.345734
v 53.063293 196.710190 -146.333405
v -86.539589 184.704315 -146.893936
v 53.573357 184.704315 -146.896011
v -72.126450 185.146133 71.941895
v 39.222710 185.088486 71.920456
v 39.249191 185.093338 -130.694244
v -72.186943 185.089050 -130.667679
vt 0.768879 0.415742
vt 0.880883 0.415742
vt 0.225023 0.600546
vt 0.027223 0.600546
vt 0.024033 0.603453
vt 0.024033 0.725000
vt 0.880883 0.225836
vt 0.042163 0.608565
vt 0.217660 0.613180
vt 0.217660 0.714866
vt 0.210193 0.719588
vt 0.042163 0.719588
vt 0.034625 0.714947
vt 0.034625 0.613545
vt 0.042163 0.620046
vt 0.210193 0.620046
vt 0.210193 0.708083
vt 0.042163 0.708083
vt 0.768879 0.225836
vt 0.228315 0.602967
vt 0.228315 0.725008
vt 0.225444 0.727625
vt 0.027070 0.727625
vt 0.210193 0.608565
vt 0.767064 0.415742
vt 0.213757 0.965283
vt 0.217363 0.965283
vt 0.768879 0.417557
vt 0.333062 0.965283
vt 0.882697 0.415742
vt 0.880883 0.417557
vt 0.329459 0.965283
vt 0.228315 0.600546
vt 0.213757 0.975366
vt 0.227401 0.598405
vt 0.230471 0.600681
vt 0.227945 0.727625
vt 0.329459 0.975366
vt 0.227892 0.729766
vt 0.333062 0.975366
vt 0.024033 0.600546
vt 0.637111 0.224021
vt 0.024791 0.598404
vt 0.023677 0.975366
vt 0.024563 0.727625
vt 0.523148 0.975366
vt 0.024672 0.729766
vt 0.021882 0.727262
vt 0.023677 0.965283
vt 0.767064 0.225836
vt 0.768879 0.224021
vt 0.882697 0.225836
vt 0.523148 0.965283
vt 0.748979 0.234106
vt 0.215343 0.610327
vt 0.215723 0.717691
vt 0.036712 0.717654
vt 0.036872 0.610737
vt 0.210193 0.618485
vt 0.208965 0.620046
vt 0.210193 0.709648
vt 0.208965 0.708083
vt 0.043255 0.708083
vt 0.042163 0.709648
vt 0.042163 0.618485
vt 0.043255 0.620046
vt 0.767064 0.417557
vt 0.215587 0.965283
vt 0.331243 0.965283
vt 0.882697 0.417557
vt 0.215587 0.975366
vt 0.331243 0.975366
vt 0.635330 0.224021
vt 0.021882 0.975366
vt 0.524954 0.975366
vt 0.022359 0.729766
vt 0.021882 0.965283
vt 0.767064 0.224021
vt 0.882697 0.224021
vt 0.524954 0.965283
vt 0.208965 0.618485
vt 0.208965 0.709648
vt 0.043255 0.709648
vt 0.043255 0.618485
vt 0.750751 0.224021
vt 0.748979 0.224021
vt 0.021882 0.601231
vt 0.021882 0.598404
vt 0.230471 0.727233
vt 0.230471 0.729766
vt 0.230471 0.598405
vt 0.217363 0.975366
vt 0.880883 0.224021
vt 0.750751 0.234106
vt 0.635330 0.234106
vt 0.637111 0.234106
vn -0.006734 -0.999969 0.003983
vn -0.382421 -0.923985 0.002487
vn -0.382427 -0.923983 -0.002477
vn -0.006725 -0.999969 -0.003989
vn -0.999996 0.000847 -0.002735
vn -0.999996 0.000852 0.002734
vn -0.999996 0.000830 0.002561
vn -0.999996 0.000827 -0.002579
vn -0.004625 0.002171 0.999987
vn 0.004632 0.002181 0.999987
vn 0.004476 0.002161 0.999988
vn -0.004496 0.002155 0.999988
vn -0.004179 -0.924052 0.382245
vn 0.006725 -0.999969 0.003988
vn 0.004197 -0.924056 0.382235
vn -0.952543 0.040028 0.301762
vn -0.952543 0.040028 0.301762
vn -0.319404 0.040181 0.946766
vn -0.319404 0.040181 0.946766
vn 0.999996 0.000847 0.002735
vn 0.999996 0.000853 -0.002734
vn 0.999996 0.000830 -0.002561
vn 0.999996 0.000827 0.002579
vn 0.382427 -0.923982 0.002477
vn 0.006734 -0.999969 -0.003983
vn 0.382422 -0.923985 -0.002487
vn 0.313724 0.040456 0.948652
vn 0.313724 0.040456 0.948652
vn 0.950836 0.039885 0.307115
vn 0.950836 0.039885 0.307115
vn -0.222974 0.974824 0.001047
vn -0.081265 0.993646 0.077872
vn 0.292697 0.908562 -0.298066
vn 0.550630 0.834748 -0.001849
vn -0.001191 0.985526 0.169518
vn 0.002710 0.875926 -0.482439
vn -0.354167 0.935175 0.003647
vn -0.223407 0.974725 -0.001009
vn -0.353897 0.935277 -0.003709
vn -0.006049 0.935218 0.354020
vn 0.005976 0.935070 0.354414
vn 0.001235 0.985577 0.169224
vn 0.079784 0.993666 0.079133
vn -0.291585 0.910557 -0.293027
vn -0.002850 0.874379 -0.485235
vn 0.223407 0.974725 0.001009
vn -0.550591 0.834774 -0.001713
vn 0.353897 0.935277 0.003709
vn 0.354167 0.935175 -0.003647
vn 0.222974 0.974824 -0.001047
vn -0.001235 0.985577 -0.169224
vn -0.079784 0.993666 -0.079133
vn 0.291626 0.910556 0.292990
vn 0.002883 0.873466 0.486877
vn 0.550210 0.835025 0.001656
vn -0.005976 0.935069 -0.354416
vn 0.001191 0.985526 -0.169519
vn 0.006049 0.935218 -0.354022
vn -0.950837 0.039885 -0.307114
vn -0.950837 0.039885 -0.307114
vn -0.313704 0.040455 -0.948659
vn -0.004476 0.002162 -0.999988
vn -0.004632 0.002181 -0.999987
vn -0.313704 0.040455 -0.948659
vn 0.081265 0.993646 -0.077875
vn -0.291570 0.911138 0.291228
vn -0.552060 0.833803 0.001709
vn -0.002675 0.872938 0.487823
vn 0.004495 0.002155 -0.999988
vn 0.319400 0.040181 -0.946768
vn 0.319400 0.040181 -0.946768
vn 0.004625 0.002171 -0.999987
vn 0.952542 0.040027 -0.301763
vn 0.952542 0.040027 -0.301763
vn -0.004197 -0.924055 -0.382237
vn 0.004179 -0.924051 -0.382246
vn 0.669843 0.053241 -0.740591
vn 0.992157 0.124954 -0.003236
vn 0.004109 0.007613 -0.999963
vn 0.992158 0.124958 0.002960
vn -0.669740 0.052858 -0.740712
vn -0.004409 0.007601 -0.999961
vn -0.992315 0.123704 -0.003050
vn -0.673346 0.048615 0.737727
vn -0.992321 0.123653 0.003079
vn -0.004085 0.007073 0.999967
vn 0.669827 0.052873 0.740632
vn 0.004454 0.007106 0.999965
vn 0.354656 0.934992 -0.002954
vn 0.008116 0.999959 -0.004123
vn 0.008105 0.999959 0.004065
vn 0.354744 0.934960 0.002511
vn 0.005078 0.943205 -0.332173
vn -0.004800 0.943429 -0.331541
vn -0.008126 0.999958 -0.004261
vn -0.361326 0.932436 -0.002680
vn -0.361491 0.932373 0.002328
vn -0.008041 0.999960 0.004022
vn -0.004822 0.945799 0.324717
vn 0.005457 0.945894 0.324431
vn -0.325277 -0.887632 0.326043
vn 0.326054 -0.887629 0.325275
vn -0.191318 0.965866 0.174645
vn 0.186720 0.965919 0.179263
vn -0.186720 0.965919 -0.179265
vn 0.191317 0.965866 -0.174644
vn -0.326052 -0.887628 -0.325278
vn 0.325280 -0.887630 -0.326047
vn 0.287258 0.910594 -0.297156
vn -0.298949 0.918421 -0.259100
vn -0.311858 0.910563 0.271331
vn 0.299107 0.918357 0.259145
s 1
g MS_Bed pCube11
usemtl aiStandardSurface2SG
f 128/263/497 127/287/498 153/312/499 155/281/500
s 2
f 153/311/501 127/288/502 135/296/503 146/306/504
s 3
f 129/289/505 131/294/506 140/300/507 136/354/508
s 1
f 129/290/509 128/263/497 132/264/510 131/293/511
s 2
f 183/330/512 185/333/513 135/296/503 127/288/502
s 3
f 129/289/505 136/354/508 185/333/514 183/330/515
s 4
f 130/291/516 156/315/517 150/308/518 141/302/519
s 1
f 130/292/520 132/264/510 157/269/521 156/314/522
s 3
f 184/331/523 186/334/524 140/300/507 131/294/506
s 4
f 130/291/516 141/302/519 186/334/525 184/331/526
s 5
f 134/265/527 133/295/528 160/317/529 159/286/530
f 133/295/528 137/282/531 161/271/532 160/317/529
f 135/297/533 134/265/527 147/266/534 146/305/535
f 137/282/531 136/298/536 140/351/537 139/283/538
f 139/283/538 138/299/539 163/318/540 162/272/541
f 138/299/539 142/284/542 164/273/543 163/318/540
f 142/284/542 141/301/544 150/309/545 149/285/546
f 144/267/547 143/303/548 169/320/549 168/276/550
f 143/303/548 147/266/534 170/270/551 169/320/549
f 145/349/552 144/267/547 152/268/553 151/310/554
s 2
f 153/311/501 146/306/504 187/336/555 189/339/556
s 7
f 187/335/557 145/304/558 154/358/559 189/357/560
s 5
f 149/285/546 148/307/561 166/319/562 165/274/563
f 148/307/561 152/268/553 167/275/564 166/319/562
s 7
f 151/348/565 188/347/566 190/356/567 158/316/568
s 4
f 188/337/569 150/308/518 156/315/517 190/342/570
s 1
f 155/281/500 154/313/571 158/355/572 157/269/521
s 7
f 151/348/565 158/316/568 154/358/559 145/304/558
s 5
f 191/343/573 171/321/574 159/286/530 160/317/529
f 161/271/532 172/322/575 191/343/573 160/317/529
f 170/270/551 159/286/530 171/321/574 180/327/576
f 192/344/577 176/324/578 162/272/541 163/318/540
f 164/273/543 174/323/579 192/344/577 163/318/540
f 193/345/580 179/326/581 165/274/563 166/319/562
f 167/275/564 177/325/582 193/345/580 166/319/562
f 194/346/583 182/328/584 168/276/550 169/320/549
f 170/270/551 180/327/576 194/346/583 169/320/549
s 8
f 171/321/585 173/278/586 181/277/587 180/327/588
f 173/278/586 172/322/589 176/324/590 175/279/591
s 5
f 162/272/541 176/324/578 172/322/575 161/271/532
s 8
f 175/279/591 174/323/592 179/326/593 178/280/594
s 5
f 165/274/563 179/326/581 174/323/579 164/273/543
s 8
f 178/280/594 177/325/595 182/328/596 181/277/587
s 5
f 168/276/550 182/328/584 177/325/582 167/275/564
s 8
f 173/278/586 175/279/591 178/280/594 181/277/587
s 1
f 155/281/500 157/269/521 132/264/510 128/263/497
s 5
f 137/282/531 139/283/538 162/272/541 161/271/532
f 142/284/542 149/285/546 165/274/563 164/273/543
f 152/268/553 144/267/547 168/276/550 167/275/564
f 147/266/534 134/265/527 159/286/530 170/270/551
s 1
f 127/287/498 128/263/497 129/290/509 183/329/597
f 131/293/511 132/264/510 130/292/520 184/332/598
s 5
f 136/298/536 137/282/531 133/295/528 185/353/599
f 133/295/528 134/265/527 135/297/533 185/353/599
f 141/301/544 142/284/542 138/299/539 186/352/600
f 138/299/539 139/283/538 140/351/537 186/352/600
f 146/305/535 147/266/534 143/303/548 187/350/601
f 143/303/548 144/267/547 145/349/552 187/350/601
f 151/310/554 152/268/553 148/307/561 188/338/602
f 148/307/561 149/285/546 150/309/545 188/338/602
s 1
f 154/313/571 155/281/500 153/312/499 189/340/603
f 156/314/522 157/269/521 158/355/572 190/341/604
s 8
f 172/322/589 173/278/586 171/321/585 191/343/605
f 174/323/592 175/279/591 176/324/590 192/344/606
f 177/325/595 178/280/594 179/326/593 193/345/607
f 180/327/588 181/277/587 182/328/596 194/346/608
g default
v -100.918037 324.481140 -146.680588
v 53.379539 324.481140 -146.680588
v -100.918037 324.481140 -159.315933
v 53.379539 324.481140 -159.315933
v -100.918037 12.816833 -159.315933
v 53.379539 12.816833 -159.315933
v -100.918037 12.816833 -146.680588
v 53.379539 12.816833 -146.680588
vt 0.389134 0.901671
vt 0.764068 0.270809
vt 0.633394 0.281140
vt 0.719876 0.949433
vt 0.633365 0.536318
vt 0.764038 0.536333
vt 0.275548 0.531052
vt 0.764037 0.546678
vt 0.275519 0.786230
vt 0.406192 0.786245
vt 0.975053 0.939071
vt 0.975054 0.949417
vt 0.133955 0.901642
vt 0.133954 0.911988
vt 0.719876 0.939088
vt 0.764067 0.281155
vt 0.633395 0.270794
vt 0.389133 0.912017
vt 0.633364 0.546663
vt 0.406221 0.531067
vn 0.000000 1.000000 0.000000
vn 0.000000 1.000000 0.000000
vn 0.000000 1.000000 0.000000
vn 0.000000 1.000000 0.000000
vn 0.000000 0.000000 -1.000000
vn 0.000000 0.000000 -1.000000
vn 0.000000 0.000000 -1.000000
vn 0.000000 0.000000 -1.000000
vn 0.000000 -1.000000 0.000000
vn 0.000000 -1.000000 0.000000
vn 0.000000 -1.000000 0.000000
vn 0.000000 -1.000000 0.000000
vn 0.000000 0.000000 1.000000
vn 0.000000 0.000000 1.000000
vn 0.000000 0.000000 1.000000
vn 0.000000 0.000000 1.000000
vn 1.000000 0.000000 0.000000
vn 1.000000 0.000000 0.000000
vn 1.000000 0.000000 0.000000
vn 1.000000 0.000000 0.000000
vn -1.000000 0.000000 0.000000
vn -1.000000 0.000000 0.000000
vn -1.000000 0.000000 0.000000
vn -1.000000 0.000000 0.000000
s off
g MS_Bed pCube12
usemtl aiStandardSurface2SG
f 195/375/609 196/360/610 198/374/611 197/361/612
f 197/361/613 198/374/614 200/364/615 199/363/616
f 199/363/617 200/364/618 202/366/619 201/377/620
f 201/365/621 202/378/622 196/368/623 195/367/624
f 196/373/625 202/369/626 200/370/627 198/362/628
f 201/371/629 195/359/630 197/376/631 199/372/632
g default
v -87.108231 64.178337 86.543304
v -84.838326 63.238091 86.548714
v -84.827621 64.178406 88.818665
v 54.144135 64.178406 86.537971
v 51.868774 64.178337 88.818611
v 51.874184 63.238091 86.548714
v -83.807487 77.539406 85.386444
v -84.718628 77.539406 82.868942
v -87.100449 76.618225 85.499138
v -83.980911 76.635101 88.801308
v -81.607788 77.539406 86.429230
v 50.843330 77.539406 85.386444
v 48.643646 77.539406 86.429230
v 50.969017 76.617165 88.795937
v 54.139580 76.636192 85.549385
v 51.754471 77.539406 82.868942
v -83.807487 77.539406 -144.133713
v -81.607788 77.539406 -145.176498
v -83.933159 76.617165 -147.543182
v -87.103745 76.636192 -144.296661
v -84.718628 77.539406 -141.616196
v 50.843330 77.539406 -144.133713
v 51.754471 77.539406 -141.616196
v 54.136307 76.618225 -144.246384
v 51.016762 76.635101 -147.548553
v 48.643623 77.539406 -145.176498
v -87.108276 64.178406 -145.285263
v -84.832932 64.178337 -147.565857
v -84.838326 63.238091 -145.295990
v 54.144073 64.178337 -145.290573
v 51.874184 63.238091 -145.295990
v 51.863472 64.178406 -147.565933
v -74.377747 78.584297 69.687157
v -73.444397 78.584297 71.742874
v -71.191864 78.584297 72.594170
v 38.229073 78.584297 72.583145
v 40.510201 78.584297 71.734314
v 41.454750 78.584297 69.685585
v 41.413589 78.584297 -128.434433
v 40.480240 78.584297 -130.490128
v 38.227707 78.584297 -131.341431
v -71.193230 78.584297 -131.330414
v -73.474350 78.584297 -130.481583
v -74.418907 78.584297 -128.432831
v -72.638428 64.642464 70.273926
v -70.380486 64.654465 72.493423
v -70.368080 63.779854 70.116806
v 39.674278 64.642464 70.273926
v 37.403938 63.779854 70.116806
v 37.557732 64.573647 72.472031
v 37.618752 64.577187 -131.254181
v 37.524368 63.779854 -128.984497
v 39.710892 64.647018 -129.083954
v -72.638359 64.642380 -129.020416
v -70.368080 63.779854 -128.864044
v -70.522293 64.573700 -131.219299
v -86.686897 64.595314 88.399361
v 53.724823 64.595314 88.397263
v -86.175751 76.626778 87.835541
v 53.198868 76.626602 87.847885
v -86.163033 76.626602 -146.595154
v 53.211594 76.626778 -146.582809
v -86.688980 64.595314 -147.144531
v 53.722740 64.595314 -147.146622
v -72.245102 65.038071 72.157936
v 39.341499 64.980301 72.136459
v 39.368034 64.985153 -130.910294
v -72.305733 64.980858 -130.883682
vt 0.635176 0.751477
vt 0.747368 0.751477
vt 0.599296 0.602262
vt 0.415728 0.602262
vt 0.411303 0.611814
vt 0.411303 0.718125
vt 0.747368 0.561068
vt 0.023607 0.939079
vt 0.191455 0.939079
vt 0.281793 0.939079
vt 0.285276 0.939079
vt 0.450320 0.939079
vt 0.453746 0.939079
vt 0.543528 0.939079
vt 0.135754 0.897454
vt 0.135754 0.733980
vt 0.224355 0.733980
vt 0.224355 0.897454
vt 0.635176 0.561068
vt 0.602105 0.605902
vt 0.602105 0.712288
vt 0.600066 0.717294
vt 0.416647 0.717294
vt 0.187939 0.939079
vt 0.633364 0.751477
vt 0.636894 0.952801
vt 0.640508 0.952801
vt 0.635176 0.753296
vt 0.756455 0.952801
vt 0.749127 0.751477
vt 0.747368 0.753296
vt 0.752843 0.952801
vt 0.602105 0.602262
vt 0.636894 0.962906
vt 0.601499 0.600196
vt 0.604195 0.603931
vt 0.602105 0.717294
vt 0.752843 0.962906
vt 0.602337 0.719355
vt 0.756455 0.962906
vt 0.411303 0.609961
vt 0.635176 0.549054
vt 0.413566 0.600196
vt 0.446410 0.962906
vt 0.411303 0.717294
vt 0.946945 0.962906
vt 0.414546 0.719355
vt 0.409219 0.720194
vt 0.446410 0.952801
vt 0.633364 0.561068
vt 0.635176 0.559134
vt 0.749127 0.561068
vt 0.946945 0.952802
vt 0.747368 0.559134
vt 0.189662 0.939079
vt 0.283555 0.939079
vt 0.452035 0.939079
vt 0.021882 0.939079
vt 0.187939 0.950424
vt 0.135754 0.732143
vt 0.226117 0.733980
vt 0.281793 0.950424
vt 0.224355 0.899265
vt 0.450320 0.950424
vt 0.133954 0.897454
vt 0.543528 0.950424
vt 0.633364 0.753296
vt 0.638728 0.952802
vt 0.754632 0.952801
vt 0.749127 0.753296
vt 0.638728 0.962906
vt 0.754632 0.962906
vt 0.633364 0.549054
vt 0.444611 0.962906
vt 0.948755 0.962906
vt 0.409219 0.719355
vt 0.444611 0.952801
vt 0.633364 0.559134
vt 0.749127 0.559134
vt 0.948755 0.952801
vt 0.189662 0.950424
vt 0.226117 0.732143
vt 0.226117 0.899265
vt 0.133954 0.899265
vt 0.749127 0.549054
vt 0.747368 0.549054
vt 0.409219 0.610024
vt 0.409219 0.608147
vt 0.604195 0.714191
vt 0.604195 0.719355
vt 0.604195 0.600196
vt 0.640508 0.962906
vt 0.422598 0.709108
vt 0.422598 0.619655
vt 0.589089 0.708768
vt 0.427102 0.708768
vt 0.590782 0.614384
vt 0.590782 0.703964
vt 0.426341 0.610780
vt 0.588423 0.610780
vt 0.422598 0.708768
vt 0.424647 0.610780
vt 0.590782 0.708768
vt 0.590782 0.610780
vt 0.135754 0.899265
vt 0.021882 0.950424
vt 0.023607 0.950424
vt 0.226117 0.897454
vt 0.452035 0.950424
vt 0.453746 0.950424
vt 0.224355 0.732143
vt 0.283555 0.950424
vt 0.285276 0.950424
vt 0.133954 0.732143
vt 0.191455 0.950424
vt 0.133954 0.733980
vt 0.422598 0.617748
vt 0.545301 0.939079
vt 0.545301 0.950424
vt 0.411658 0.600196
vt 0.413648 0.602262
vn -0.006734 -0.999969 0.003983
vn -0.382422 -0.923984 0.002487
vn -0.382428 -0.923982 -0.002477
vn -0.006725 -0.999969 -0.003988
vn -0.999996 0.000846 -0.002735
vn -0.999996 0.000852 0.002734
vn -0.999996 0.000829 0.002561
vn -0.999996 0.000826 -0.002579
vn -0.004625 0.002170 0.999987
vn 0.004632 0.002180 0.999987
vn 0.004476 0.002161 0.999988
vn -0.004496 0.002155 0.999988
vn -0.004179 -0.924054 0.382239
vn 0.006725 -0.999969 0.003988
vn 0.004197 -0.924058 0.382229
vn -0.952543 0.040029 0.301761
vn -0.952543 0.040029 0.301761
vn -0.319409 0.040180 0.946765
vn -0.319409 0.040180 0.946765
vn 0.999996 0.000847 0.002735
vn 0.999996 0.000852 -0.002734
vn 0.999996 0.000830 -0.002561
vn 0.999996 0.000827 0.002579
vn 0.382428 -0.923982 0.002477
vn 0.006734 -0.999969 -0.003983
vn 0.382422 -0.923984 -0.002487
vn 0.313720 0.040456 0.948653
vn 0.313720 0.040456 0.948653
vn 0.950836 0.039886 0.307115
vn 0.950836 0.039886 0.307115
vn -0.222973 0.974824 0.001047
vn -0.081265 0.993646 0.077875
vn 0.292696 0.908563 -0.298064
vn 0.550631 0.834747 -0.001849
vn -0.001191 0.985526 0.169520
vn 0.002710 0.875925 -0.482440
vn -0.354166 0.935176 0.003647
vn -0.223406 0.974725 -0.001009
vn -0.353896 0.935278 -0.003709
vn -0.006049 0.935216 0.354027
vn 0.005976 0.935067 0.354421
vn 0.001235 0.985577 0.169225
vn 0.079783 0.993666 0.079131
vn -0.291584 0.910556 -0.293029
vn -0.002850 0.874379 -0.485236
vn 0.223406 0.974725 0.001009
vn -0.550591 0.834773 -0.001713
vn 0.353896 0.935277 0.003709
vn 0.354166 0.935176 -0.003647
vn 0.222973 0.974824 -0.001047
vn -0.001235 0.985577 -0.169225
vn -0.079784 0.993666 -0.079131
vn 0.291627 0.910554 0.292992
vn 0.002883 0.873466 0.486878
vn 0.550212 0.835024 0.001656
vn -0.005976 0.935068 -0.354419
vn 0.001191 0.985526 -0.169519
vn 0.006049 0.935216 -0.354025
vn -0.950838 0.039884 -0.307110
vn -0.950838 0.039884 -0.307110
vn -0.313709 0.040455 -0.948657
vn -0.004476 0.002162 -0.999988
vn -0.004632 0.002181 -0.999987
vn -0.313709 0.040455 -0.948657
vn 0.081265 0.993646 -0.077875
vn -0.291574 0.911137 0.291228
vn -0.552060 0.833803 0.001709
vn -0.002675 0.872938 0.487823
vn 0.004496 0.002155 -0.999988
vn 0.319412 0.040181 -0.946764
vn 0.319412 0.040181 -0.946764
vn 0.004625 0.002171 -0.999987
vn 0.952542 0.040027 -0.301764
vn 0.952542 0.040027 -0.301764
vn -0.004197 -0.924056 -0.382234
vn 0.004179 -0.924052 -0.382244
vn 0.669841 0.053241 -0.740593
vn 0.992157 0.124954 -0.003236
vn 0.004109 0.007613 -0.999963
vn 0.992158 0.124958 0.002960
vn -0.669740 0.052858 -0.740712
vn -0.004408 0.007601 -0.999961
vn -0.992314 0.123704 -0.003050
vn -0.673351 0.048615 0.737723
vn -0.992321 0.123653 0.003079
vn -0.004085 0.007073 0.999967
vn 0.669829 0.052872 0.740631
vn 0.004454 0.007107 0.999965
vn 0.354651 0.934994 -0.002954
vn 0.008116 0.999959 -0.004123
vn 0.008105 0.999959 0.004065
vn 0.354739 0.934962 0.002512
vn 0.005078 0.943203 -0.332177
vn -0.004800 0.943427 -0.331545
vn -0.008126 0.999958 -0.004261
vn -0.361324 0.932436 -0.002680
vn -0.361489 0.932373 0.002328
vn -0.008041 0.999960 0.004022
vn -0.004822 0.945801 0.324712
vn 0.005457 0.945895 0.324427
vn -0.325278 -0.887628 0.326053
vn 0.326060 -0.887626 0.325275
vn -0.191319 0.965866 0.174645
vn 0.186721 0.965920 0.179261
vn -0.186721 0.965919 -0.179262
vn 0.191318 0.965866 -0.174646
vn -0.326058 -0.887626 -0.325278
vn 0.325281 -0.887626 -0.326055
vn 0.287258 0.910593 -0.297159
vn -0.298945 0.918422 -0.259101
vn -0.311857 0.910562 0.271335
vn 0.299101 0.918356 0.259153
s 1
g MS_Bed pCube13
usemtl aiStandardSurface2SG
f 204/379/633 203/403/634 229/428/635 231/397/636
s 2
f 229/427/637 203/404/638 211/412/639 222/422/640
s 3
f 205/405/641 207/410/642 216/416/643 212/470/644
s 1
f 205/406/645 204/379/633 208/380/646 207/409/647
s 2
f 259/446/648 261/449/649 211/412/639 203/404/638
s 3
f 205/405/641 212/470/644 261/449/650 259/446/651
s 4
f 206/407/652 232/431/653 226/424/654 217/418/655
s 1
f 206/408/656 208/380/646 233/385/657 232/430/658
s 3
f 260/447/659 262/450/660 216/416/643 207/410/642
s 4
f 206/407/652 217/418/655 262/450/661 260/447/662
s 5
f 210/381/663 209/411/664 236/482/665 235/478/666
f 209/411/664 213/398/667 237/475/668 236/482/665
f 211/413/669 210/381/663 223/382/670 222/421/671
f 213/398/667 212/414/672 216/467/673 215/399/674
f 215/399/674 214/415/675 239/481/676 238/476/677
f 214/415/675 218/400/678 240/473/679 239/481/676
f 218/400/678 217/417/680 226/425/681 225/401/682
f 220/383/683 219/419/684 245/495/685 244/472/686
f 219/499/684 223/382/670 246/477/687 245/480/685
f 221/465/688 220/383/683 228/384/689 227/426/690
s 2
f 229/427/637 222/422/640 263/452/691 265/455/692
s 7
f 263/451/693 221/420/694 230/429/695 265/456/696
s 5
f 225/401/682 224/423/697 242/479/698 241/474/699
f 224/423/697 228/384/689 243/471/700 242/479/698
s 7
f 227/464/701 264/463/702 266/457/703 234/432/704
s 4
f 264/453/705 226/424/654 232/431/653 266/458/706
s 1
f 231/397/636 230/429/707 234/432/708 233/385/657
s 7
f 227/464/701 234/432/704 230/429/695 221/420/694
s 5
f 267/459/709 247/437/710 235/402/666 236/433/665
f 237/387/668 248/493/711 267/459/709 236/433/665
f 246/386/687 235/402/666 247/437/710 256/485/712
f 268/490/713 252/440/714 238/388/677 239/434/676
f 240/389/679 250/491/715 268/490/713 239/434/676
f 269/487/716 255/442/717 241/390/699 242/435/698
f 243/391/700 253/488/718 269/487/716 242/435/698
f 270/497/719 258/444/720 244/392/686 245/496/685
f 246/386/687 256/485/712 270/484/719 245/436/685
s 8
f 247/494/721 249/394/722 257/393/723 256/443/724
f 249/394/722 248/438/725 252/489/726 251/395/727
s 5
f 238/388/677 252/440/714 248/493/711 237/387/668
s 8
f 251/395/727 250/439/728 255/486/729 254/396/730
s 5
f 241/390/699 255/442/717 250/491/715 240/389/679
s 8
f 254/396/730 253/441/731 258/483/732 257/393/723
s 5
f 244/392/686 258/444/720 253/488/718 243/391/700
s 8
f 249/394/722 251/395/727 254/396/730 257/393/723
s 1
f 231/397/636 233/385/657 208/380/646 204/379/633
s 5
f 213/398/667 215/399/674 238/476/677 237/475/668
f 218/400/678 225/401/682 241/474/699 240/473/679
f 228/384/689 220/383/683 244/472/686 243/471/700
f 223/382/670 210/381/663 235/478/666 246/477/687
s 1
f 203/403/634 204/379/633 205/406/645 259/445/733
f 207/409/647 208/380/646 206/408/656 260/448/734
s 5
f 212/414/672 213/398/667 209/411/664 261/469/735
f 209/411/664 210/381/663 211/413/669 261/469/735
f 217/417/680 218/400/678 214/415/675 262/468/736
f 214/415/675 215/399/674 216/467/673 262/468/736
f 222/421/671 223/382/670 219/499/684 263/498/737
f 219/419/684 220/383/683 221/465/688 263/466/737
f 227/426/690 228/384/689 224/423/697 264/454/738
f 224/423/697 225/401/682 226/425/681 264/454/738
s 1
f 230/429/707 231/397/636 229/428/635 265/456/739
f 232/430/658 233/385/657 234/432/708 266/457/740
s 8
f 248/438/725 249/394/722 247/494/721 267/492/741
f 250/439/728 251/395/727 252/489/726 268/460/742
f 253/441/731 254/396/730 255/486/729 269/461/743
f 256/443/724 257/393/723 258/483/732 270/462/744
g default
v -48.286987 81.814674 -135.509781
v -48.286987 68.050468 -111.669464
v -48.286983 90.121071 -130.714081
v -48.286987 76.356865 -106.873764
v 8.780958 90.121071 -130.714081
v 8.780958 76.356865 -106.873764
v 8.780956 81.814674 -135.509781
v 8.780958 68.050468 -111.669464
v -19.753014 92.774345 -131.168900
v -19.753014 80.881927 -138.034988
v -19.753014 65.397194 -111.214645
v -19.753014 77.289612 -104.348557
v -51.853729 73.139565 -124.624817
v -51.853729 85.031975 -117.758728
v -19.753014 89.653748 -115.090347
v 12.347702 85.031975 -117.758728
v 12.347702 73.139565 -124.624817
v -19.753014 68.517792 -127.293198
v -38.096279 77.101059 -104.457413
v -58.091629 69.838882 -105.175690
v -19.753014 87.934189 -136.517685
v -1.409748 81.070480 -137.926132
v -1.409748 92.585800 -131.277756
v -1.409748 69.649094 -126.640038
v -1.409748 65.585739 -111.105782
v 18.585602 69.838882 -105.175690
v -1.409748 77.101059 -104.457413
v -1.409748 88.522446 -115.743507
v -51.853729 68.903900 -116.852997
v -51.853729 80.419220 -110.204628
v -19.753014 84.098236 -108.080551
v 12.347702 80.419220 -110.204628
v 12.347702 68.903900 -116.852997
v -19.753014 65.224884 -118.977081
v -51.853729 77.752319 -132.178909
v -56.439545 79.085770 -121.191772
v -51.853729 89.267639 -125.530548
v -58.091629 88.332657 -137.207855
v -38.096279 88.522446 -115.743507
v -19.753014 92.946655 -123.406464
v -38.096279 92.585800 -131.277756
v 12.347702 89.267639 -125.530548
v 16.933517 79.085770 -121.191772
v 12.347702 77.752319 -132.178909
v 18.585602 88.332657 -137.207855
v -19.753014 74.073303 -134.302994
v -38.096279 69.649094 -126.640038
v -38.096279 81.070480 -137.926132
v -38.096279 65.585739 -111.105782
v -19.753014 70.237350 -105.865860
v -56.439545 83.509979 -128.854736
v -38.096279 92.192459 -123.841896
v 16.933517 83.509979 -128.854736
v -38.096279 74.827499 -133.867554
v -38.096279 70.237350 -105.865860
v -38.096279 87.934189 -136.517685
v -1.409748 87.934189 -136.517685
v -1.409748 74.827499 -133.867554
v -1.409748 70.237350 -105.865860
v -1.409748 92.192459 -123.841896
v -56.439545 74.661560 -113.528816
v -38.096279 83.344040 -108.515984
v -1.409748 83.344040 -108.515984
v 16.933517 74.661560 -113.528816
v -1.409748 65.979080 -118.541649
v -38.096279 65.979080 -118.541649
vt 0.502857 0.284933
vt 0.892900 0.074122
vt 0.530354 0.284933
vt 0.919133 0.072558
vt 0.806388 0.137993
vt 0.832621 0.136429
vt 0.829982 0.021826
vt 0.451493 0.296695
vt 0.581904 0.296695
vt 0.857071 0.021826
vt 0.892900 0.023390
vt 0.451307 0.284933
vt 0.581718 0.284933
vt 0.919133 0.021826
vt 0.806388 0.162577
vt 0.476562 0.296695
vt 0.892900 0.047974
vt 0.476562 0.284933
vt 0.556649 0.284933
vt 0.919133 0.047974
vt 0.556649 0.296695
vt 0.832621 0.162577
vt 0.516606 0.284933
vt 0.906016 0.074122
vt 0.819504 0.136429
vt 0.819504 0.162577
vt 0.843526 0.021826
vt 0.906016 0.021826
vt 0.906016 0.047974
vt 0.508782 0.290814
vt 0.811913 0.146916
vt 0.836351 0.029108
vt 0.898424 0.063635
vt 0.540545 0.290814
vt 0.492666 0.290814
vt 0.460472 0.290814
vt 0.898424 0.032312
vt 0.572739 0.290814
vt 0.811913 0.178238
vt 0.524429 0.290814
vt 0.827096 0.146916
vt 0.827096 0.178238
vt 0.850702 0.029108
vt 0.913608 0.032312
vt 0.913608 0.063635
vt 0.508782 0.284933
vt 0.898424 0.074122
vt 0.516606 0.290814
vt 0.811913 0.136429
vt 0.502857 0.290814
vt 0.819504 0.146916
vt 0.811913 0.162577
vt 0.806388 0.146916
vt 0.492666 0.296695
vt 0.811913 0.188725
vt 0.843526 0.029108
vt 0.898424 0.021826
vt 0.829982 0.029108
vt 0.442644 0.290814
vt 0.898424 0.047974
vt 0.906016 0.063635
vt 0.892900 0.063635
vt 0.492666 0.284933
vt 0.540545 0.284933
vt 0.919133 0.063635
vt 0.556649 0.290814
vt 0.540545 0.296695
vt 0.832621 0.146916
vt 0.530354 0.290814
vt 0.476562 0.290814
vt 0.460472 0.284933
vt 0.892900 0.032312
vt 0.460472 0.296695
vt 0.806388 0.178238
vt 0.906016 0.032312
vt 0.572739 0.284933
vt 0.919133 0.032312
vt 0.590567 0.290814
vt 0.857071 0.029108
vt 0.572739 0.296695
vt 0.832621 0.178238
vt 0.819504 0.178238
vt 0.524429 0.284933
vt 0.913608 0.074122
vt 0.827096 0.136429
vt 0.827096 0.162577
vt 0.850702 0.021826
vt 0.913608 0.021826
vt 0.913608 0.047974
vt 0.850702 0.036391
vt 0.857071 0.036391
vt 0.843526 0.036391
vt 0.827096 0.188725
vt 0.832621 0.187161
vt 0.819504 0.188725
vt 0.524429 0.296695
vt 0.530354 0.296695
vt 0.516606 0.296695
vt 0.836351 0.036391
vt 0.829982 0.036391
vt 0.836351 0.021826
vt 0.806388 0.188725
vt 0.508782 0.296695
vt 0.502857 0.296695
vn -0.230792 -0.344437 -0.909999
vn -0.477173 -0.676448 -0.561003
vn -0.991446 0.065258 -0.113031
vn -0.589493 0.403886 -0.699552
vn -0.492812 -0.753560 -0.435068
vn -1.000000 0.000000 0.000000
vn -0.492812 0.753560 0.435068
vn -0.477173 0.824067 0.305319
vn -0.230792 0.960301 -0.156709
vn -0.127073 0.959833 0.250145
vn -0.062906 0.951896 -0.299895
vn -0.146560 0.856674 0.494601
vn 0.000000 0.866026 0.500000
vn -0.000000 0.974701 0.223511
vn 0.000000 0.941767 -0.336268
vn 0.230792 0.960301 -0.156709
vn 0.477173 0.824067 0.305319
vn 0.991446 0.065258 -0.113031
vn 0.589493 0.403886 -0.699553
vn 0.492812 0.753560 0.435068
vn 1.000000 -0.000000 -0.000000
vn 0.492812 -0.753560 -0.435068
vn 0.477172 -0.676448 -0.561003
vn 0.230792 -0.344437 -0.909999
vn 0.000000 -0.179668 -0.983727
vn 0.000000 -0.680917 -0.732361
vn -0.127073 -0.696548 -0.706168
vn -0.062906 -0.216231 -0.974314
vn 0.000000 -0.866025 -0.500000
vn -0.146560 -0.856674 -0.494601
vn -0.230792 -0.960301 0.156709
vn -0.062906 -0.951896 0.299895
vn -0.029756 -0.499778 0.865642
vn -0.589492 -0.403887 0.699553
vn 0.000000 -0.941767 0.336267
vn -0.000000 -0.500000 0.866026
vn -0.000000 0.179667 0.983727
vn -0.062906 0.216231 0.974314
vn -0.230792 0.344437 0.909999
vn 0.000000 0.500000 -0.866025
vn -0.029756 0.499779 -0.865642
vn 0.062906 -0.216231 -0.974314
vn 0.029757 0.499779 -0.865642
vn 0.062906 0.951896 -0.299895
vn 0.127073 -0.696548 -0.706168
vn 0.146560 -0.856674 -0.494601
vn 0.029757 -0.499778 0.865642
vn 0.062906 0.216231 0.974314
vn 0.062906 -0.951896 0.299895
vn 0.230792 -0.960301 0.156709
vn 0.589493 -0.403887 0.699553
vn 0.230792 0.344437 0.909999
vn 0.127073 0.959833 0.250145
vn 0.146560 0.856674 0.494601
vn -0.991446 -0.065259 0.113031
vn -0.477172 0.676448 0.561003
vn -0.477173 -0.824067 -0.305320
vn -0.127073 0.696548 0.706168
vn 0.000000 0.680917 0.732361
vn 0.127073 0.696548 0.706168
vn 0.477172 0.676448 0.561004
vn 0.991446 -0.065259 0.113031
vn 0.477173 -0.824067 -0.305320
vn 0.127073 -0.959833 -0.250145
vn 0.000000 -0.974701 -0.223511
vn -0.127073 -0.959833 -0.250145
s 1
g MS_Bed pCube14
usemtl aiStandardSurface2SG
f 271/500/745 305/545/746 321/529/747 308/549/748
f 305/545/746 283/522/749 306/547/750 321/529/747
f 321/529/747 306/547/750 284/597/751 307/602/752
f 308/549/748 321/529/747 307/602/752 273/603/753
f 273/504/753 307/548/752 322/530/754 311/552/755
f 307/548/752 284/524/751 309/550/756 322/530/754
f 322/530/754 309/550/756 285/525/757 310/551/758
f 311/552/755 322/530/754 310/551/758 279/514/759
f 275/506/760 312/600/761 323/531/762 315/557/763
f 312/600/761 286/526/764 313/555/765 323/531/762
f 323/531/762 313/555/765 287/591/766 314/598/767
f 315/557/763 323/531/762 314/598/767 277/599/768
f 280/516/769 316/559/770 324/532/771 318/561/772
f 316/559/770 288/528/773 317/560/774 324/532/771
f 324/532/771 317/560/774 283/523/749 305/546/746
f 318/561/772 324/532/771 305/546/746 271/501/745
f 272/502/775 319/563/776 325/533/777 290/568/778
f 319/563/776 281/518/779 320/565/780 325/533/777
f 325/533/777 320/565/780 282/520/781 289/566/782
f 290/568/778 325/533/777 289/566/782 274/596/783
f 279/515/759 291/569/784 326/534/785 311/553/755
f 291/569/784 280/517/769 318/562/772 326/534/785
f 326/534/785 318/562/772 271/500/745 308/549/748
f 311/553/755 326/534/785 308/549/748 273/603/753
f 277/511/768 292/570/786 327/535/787 315/558/763
f 292/570/786 280/517/769 291/569/784 327/535/787
f 327/535/787 291/569/784 279/515/759 293/572/788
f 315/558/763 327/535/787 293/572/788 275/507/760
f 277/510/768 314/556/767 328/536/789 292/571/786
f 314/556/767 287/527/766 294/574/790 328/536/789
f 328/536/789 294/574/790 288/528/773 316/559/770
f 292/571/786 328/536/789 316/559/770 280/516/769
f 282/520/781 320/565/780 329/537/791 297/579/792
f 320/565/780 281/518/779 295/575/793 329/537/791
f 329/537/791 295/575/793 278/512/794 296/577/795
f 297/579/792 329/537/791 296/577/795 276/508/796
f 279/514/759 310/551/758 330/538/797 293/573/788
f 310/551/758 285/525/757 298/581/798 330/538/797
f 330/538/797 298/581/798 286/594/764 312/554/761
f 293/573/788 330/538/797 312/554/761 275/601/760
f 284/597/751 306/547/750 331/539/799 300/595/800
f 306/547/750 283/522/749 299/582/801 331/539/799
f 331/539/799 299/582/801 272/502/775 290/568/778
f 300/595/800 331/539/799 290/568/778 274/596/783
f 285/525/757 309/550/756 332/540/802 301/585/803
f 309/550/756 284/524/751 300/584/800 332/540/802
f 332/540/802 300/584/800 274/505/783 289/567/782
f 301/585/803 332/540/802 289/567/782 282/521/781
f 286/594/764 298/581/798 333/541/804 302/592/805
f 298/581/798 285/525/757 301/585/803 333/541/804
f 333/541/804 301/585/803 282/521/781 297/580/792
f 302/592/805 333/541/804 297/580/792 276/593/796
f 287/591/766 313/555/765 334/542/806 303/589/807
f 313/555/765 286/526/764 302/586/805 334/542/806
f 334/542/806 302/586/805 276/509/796 296/578/795
f 303/589/807 334/542/806 296/578/795 278/590/794
f 288/528/773 294/574/790 335/543/808 304/588/809
f 294/574/790 287/527/766 303/587/807 335/543/808
f 335/543/808 303/587/807 278/513/794 295/576/793
f 304/588/809 335/543/808 295/576/793 281/519/779
f 283/523/749 317/560/774 336/544/810 299/583/801
f 317/560/774 288/528/773 304/588/809 336/544/810
f 336/544/810 304/588/809 281/519/779 319/564/776
f 299/583/801 336/544/810 319/564/776 272/503/775
g default
v -48.286987 208.852737 -144.688263
v -48.286987 195.088516 -120.847946
v -48.286983 217.159134 -139.892563
v -48.286987 203.394913 -116.052246
v 8.780958 217.159134 -139.892563
v 8.780958 203.394913 -116.052246
v 8.780956 208.852737 -144.688263
v 8.780958 195.088516 -120.847946
v -19.753014 219.812408 -140.347382
v -19.753014 207.919983 -147.213470
v -19.753014 192.435242 -120.393127
v -19.753014 204.327667 -113.527039
v -51.853729 200.177612 -133.803299
v -51.853729 212.070038 -126.937210
v -19.753014 216.691803 -124.268829
v 12.347702 212.070038 -126.937210
v 12.347702 200.177612 -133.803299
v -19.753014 195.555847 -136.471680
v -38.096279 204.139114 -113.635895
v -58.091629 196.876938 -114.354172
v -19.753014 214.972244 -145.696167
v -1.409748 208.108536 -147.104614
v -1.409748 219.623856 -140.456238
v -1.409748 196.687149 -135.818527
v -1.409748 192.623795 -120.284264
v 18.585602 196.876938 -114.354172
v -1.409748 204.139114 -113.635895
v -1.409748 215.560501 -124.921989
v -51.853729 195.941956 -126.031479
v -51.853729 207.457275 -119.383110
v -19.753014 211.136292 -117.259033
v 12.347702 207.457275 -119.383110
v 12.347702 195.941956 -126.031479
v -19.753014 192.262939 -128.155563
v -51.853729 204.790375 -141.357391
v -56.439545 206.123825 -130.370255
v -51.853729 216.305695 -134.709030
v -58.091629 215.370712 -146.386337
v -38.096279 215.560501 -124.921989
v -19.753014 219.984711 -132.584946
v -38.096279 219.623856 -140.456238
v 12.347702 216.305695 -134.709030
v 16.933517 206.123825 -130.370255
v 12.347702 204.790375 -141.357391
v 18.585602 215.370712 -146.386337
v -19.753014 201.111359 -143.481476
v -38.096279 196.687149 -135.818527
v -38.096279 208.108536 -147.104614
v -38.096279 192.623795 -120.284264
v -19.753014 197.275406 -115.044342
v -56.439545 210.548035 -138.033218
v -38.096279 219.230515 -133.020386
v 16.933517 210.548035 -138.033218
v -38.096279 201.865555 -143.046036
v -38.096279 197.275406 -115.044342
v -38.096279 214.972244 -145.696167
v -1.409748 214.972244 -145.696167
v -1.409748 201.865555 -143.046036
v -1.409748 197.275406 -115.044342
v -1.409748 219.230515 -133.020386
v -56.439545 201.699615 -122.707298
v -38.096279 210.382095 -117.694466
v -1.409748 210.382095 -117.694466
v 16.933517 201.699615 -122.707298
v -1.409748 193.017136 -127.720131
v -38.096279 193.017136 -127.720131
vt 0.502857 0.270794
vt 0.835880 0.183225
vt 0.530354 0.270794
vt 0.862113 0.181661
vt 0.057273 0.157293
vt 0.083506 0.155729
vt 0.859474 0.021826
vt 0.451493 0.282556
vt 0.581904 0.282556
vt 0.886564 0.021826
vt 0.835880 0.132492
vt 0.451307 0.270794
vt 0.581719 0.270794
vt 0.862113 0.130928
vt 0.057273 0.181877
vt 0.476562 0.282556
vt 0.835880 0.157077
vt 0.476562 0.270794
vt 0.556649 0.270794
vt 0.862113 0.157077
vt 0.556649 0.282556
vt 0.083506 0.181877
vt 0.516606 0.270794
vt 0.848997 0.183225
vt 0.070390 0.155729
vt 0.070390 0.181877
vt 0.873019 0.021826
vt 0.848997 0.130928
vt 0.848997 0.157077
vt 0.508782 0.276675
vt 0.062798 0.166216
vt 0.865843 0.029108
vt 0.841405 0.172738
vt 0.540545 0.276675
vt 0.492666 0.276675
vt 0.460472 0.276675
vt 0.841405 0.141415
vt 0.572739 0.276675
vt 0.062798 0.197539
vt 0.524429 0.276675
vt 0.077981 0.166216
vt 0.077981 0.197539
vt 0.880195 0.029108
vt 0.856588 0.141415
vt 0.856588 0.172738
vt 0.508782 0.270794
vt 0.841405 0.183225
vt 0.516606 0.276675
vt 0.062798 0.155729
vt 0.502857 0.276675
vt 0.070390 0.166216
vt 0.062798 0.181877
vt 0.057273 0.166216
vt 0.492666 0.282556
vt 0.062798 0.208026
vt 0.873019 0.029108
vt 0.841405 0.130928
vt 0.859474 0.029108
vt 0.442644 0.276675
vt 0.841405 0.157077
vt 0.848997 0.172738
vt 0.835880 0.172738
vt 0.492666 0.270794
vt 0.540545 0.270794
vt 0.862113 0.172738
vt 0.556649 0.276675
vt 0.540545 0.282556
vt 0.083506 0.166216
vt 0.530354 0.276675
vt 0.476562 0.276675
vt 0.460472 0.270794
vt 0.835880 0.141415
vt 0.460472 0.282556
vt 0.057273 0.197539
vt 0.848997 0.141415
vt 0.572739 0.270794
vt 0.862113 0.141415
vt 0.590567 0.276675
vt 0.886564 0.029108
vt 0.572739 0.282556
vt 0.083506 0.197539
vt 0.070390 0.197539
vt 0.524429 0.270794
vt 0.856588 0.183225
vt 0.077981 0.155729
vt 0.077981 0.181877
vt 0.880195 0.021826
vt 0.856588 0.130928
vt 0.856588 0.157077
vt 0.077981 0.208026
vt 0.083506 0.206462
vt 0.070390 0.208026
vt 0.524429 0.282556
vt 0.530354 0.282556
vt 0.516606 0.282556
vt 0.865843 0.021826
vt 0.057273 0.208026
vt 0.508782 0.282556
vt 0.502857 0.282556
vt 0.880195 0.036391
vt 0.886564 0.036391
vt 0.873019 0.036391
vt 0.865843 0.036391
vt 0.859474 0.036391
vn -0.230792 -0.344437 -0.909999
vn -0.477172 -0.676448 -0.561004
vn -0.991446 0.065258 -0.113031
vn -0.589493 0.403887 -0.699552
vn -0.492812 -0.753560 -0.435068
vn -1.000000 0.000000 0.000000
vn -0.492812 0.753560 0.435068
vn -0.477173 0.824067 0.305319
vn -0.230792 0.960301 -0.156707
vn -0.127073 0.959833 0.250145
vn -0.062906 0.951896 -0.299894
vn -0.146560 0.856674 0.494601
vn -0.000000 0.866026 0.500000
vn 0.000000 0.974701 0.223512
vn 0.000000 0.941767 -0.336267
vn 0.230792 0.960301 -0.156707
vn 0.477173 0.824067 0.305319
vn 0.991446 0.065258 -0.113030
vn 0.589493 0.403887 -0.699552
vn 0.492812 0.753560 0.435068
vn 1.000000 -0.000000 -0.000000
vn 0.492812 -0.753560 -0.435068
vn 0.477173 -0.676448 -0.561003
vn 0.230792 -0.344437 -0.909999
vn -0.000000 -0.179668 -0.983727
vn -0.000000 -0.680917 -0.732361
vn -0.127073 -0.696548 -0.706168
vn -0.062906 -0.216231 -0.974314
vn 0.000000 -0.866026 -0.500000
vn -0.146560 -0.856674 -0.494601
vn -0.230792 -0.960301 0.156708
vn -0.062906 -0.951896 0.299895
vn -0.029756 -0.499778 0.865642
vn -0.589493 -0.403887 0.699553
vn 0.000000 -0.941767 0.336267
vn -0.000000 -0.499999 0.866026
vn -0.000000 0.179667 0.983727
vn -0.062906 0.216231 0.974314
vn -0.230792 0.344437 0.909999
vn 0.000000 0.500000 -0.866026
vn -0.029757 0.499778 -0.865642
vn 0.062906 -0.216231 -0.974314
vn 0.029757 0.499778 -0.865642
vn 0.062906 0.951896 -0.299894
vn 0.127073 -0.696548 -0.706168
vn 0.146560 -0.856674 -0.494601
vn 0.029756 -0.499778 0.865642
vn 0.062906 0.216231 0.974314
vn 0.062906 -0.951896 0.299895
vn 0.230792 -0.960301 0.156709
vn 0.589493 -0.403886 0.699553
vn 0.230792 0.344437 0.909999
vn 0.127073 0.959833 0.250145
vn 0.146560 0.856674 0.494601
vn -0.991446 -0.065258 0.113031
vn -0.477172 0.676448 0.561004
vn -0.477173 -0.824067 -0.305319
vn -0.127073 0.696548 0.706168
vn -0.000000 0.680917 0.732361
vn 0.127073 0.696548 0.706168
vn 0.477172 0.676448 0.561004
vn 0.991446 -0.065259 0.113030
vn 0.477173 -0.824067 -0.305319
vn 0.127073 -0.959833 -0.250145
vn 0.000000 -0.974701 -0.223512
vn -0.127073 -0.959833 -0.250145
s 1
g MS_Bed pCube15
usemtl aiStandardSurface2SG
f 337/604/811 371/649/812 387/633/813 374/653/814
f 371/649/812 349/626/815 372/651/816 387/633/813
f 387/633/813 372/651/816 350/698/817 373/701/818
f 374/653/814 387/633/813 373/701/818 339/702/819
f 339/608/819 373/652/818 388/634/820 377/656/821
f 373/652/818 350/628/817 375/654/822 388/634/820
f 388/634/820 375/654/822 351/629/823 376/655/824
f 377/656/821 388/634/820 376/655/824 345/618/825
f 341/610/826 378/699/827 389/635/828 381/661/829
f 378/699/827 352/630/830 379/659/831 389/635/828
f 389/635/828 379/659/831 353/705/832 380/706/833
f 381/661/829 389/635/828 380/706/833 343/707/834
f 346/620/835 382/663/836 390/636/837 384/665/838
f 382/663/836 354/632/839 383/664/840 390/636/837
f 390/636/837 383/664/840 349/627/815 371/650/812
f 384/665/838 390/636/837 371/650/812 337/605/811
f 338/606/841 385/667/842 391/637/843 356/672/844
f 385/667/842 347/622/845 386/669/846 391/637/843
f 391/637/843 386/669/846 348/624/847 355/670/848
f 356/672/844 391/637/843 355/670/848 340/697/849
f 345/619/825 357/673/850 392/638/851 377/657/821
f 357/673/850 346/621/835 384/666/838 392/638/851
f 392/638/851 384/666/838 337/604/811 374/653/814
f 377/657/821 392/638/851 374/653/814 339/702/819
f 343/615/834 358/674/852 393/639/853 381/662/829
f 358/674/852 346/621/835 357/673/850 393/639/853
f 393/639/853 357/673/850 345/619/825 359/676/854
f 381/662/829 393/639/853 359/676/854 341/611/826
f 343/614/834 380/660/833 394/640/855 358/675/852
f 380/660/833 353/631/832 360/678/856 394/640/855
f 394/640/855 360/678/856 354/632/839 382/663/836
f 358/675/852 394/640/855 382/663/836 346/620/835
f 348/624/847 386/669/846 395/641/857 363/683/858
f 386/669/846 347/622/845 361/679/859 395/641/857
f 395/641/857 361/679/859 344/616/860 362/681/861
f 363/683/858 395/641/857 362/681/861 342/612/862
f 345/618/825 376/655/824 396/642/863 359/677/854
f 376/655/824 351/629/823 364/685/864 396/642/863
f 396/642/863 364/685/864 352/695/830 378/658/827
f 359/677/854 396/642/863 378/658/827 341/700/826
f 350/698/817 372/651/816 397/643/865 366/696/866
f 372/651/816 349/626/815 365/686/867 397/643/865
f 397/643/865 365/686/867 338/606/841 356/672/844
f 366/696/866 397/643/865 356/672/844 340/697/849
f 351/629/823 375/654/822 398/644/868 367/689/869
f 375/654/822 350/628/817 366/688/866 398/644/868
f 398/644/868 366/688/866 340/609/849 355/671/848
f 367/689/869 398/644/868 355/671/848 348/625/847
f 352/695/830 364/685/864 399/645/870 368/693/871
f 364/685/864 351/629/823 367/689/869 399/645/870
f 399/645/870 367/689/869 348/625/847 363/684/858
f 368/693/871 399/645/870 363/684/858 342/694/862
f 353/705/832 379/659/831 400/646/872 369/703/873
f 379/659/831 352/630/830 368/690/871 400/646/872
f 400/646/872 368/690/871 342/613/862 362/682/861
f 369/703/873 400/646/872 362/682/861 344/704/860
f 354/632/839 360/678/856 401/647/874 370/692/875
f 360/678/856 353/631/832 369/691/873 401/647/874
f 401/647/874 369/691/873 344/617/860 361/680/859
f 370/692/875 401/647/874 361/680/859 347/623/845
f 349/627/815 383/664/840 402/648/876 365/687/867
f 383/664/840 354/632/839 370/692/875 402/648/876
f 402/648/876 370/692/875 347/623/845 385/668/842
f 365/687/867 402/648/876 385/668/842 338/607/841
g default
v -128.329147 324.775299 85.429588
v 53.343433 324.775299 85.429588
v -128.329147 340.376648 85.429588
v 53.343433 340.376648 85.429588
v -128.329147 340.376648 -157.408707
v 53.343433 340.376648 -157.408707
v -128.329147 324.775299 -157.408707
v 53.343433 324.775299 -157.408707
vt 0.129965 0.021826
vt 0.238047 0.021826
vt 0.129965 0.129908
vt 0.238047 0.129908
vt 0.129965 0.237991
vt 0.238047 0.237991
vt 0.129965 0.346074
vt 0.238047 0.346074
vt 0.129965 0.454157
vt 0.238047 0.454157
vt 0.346130 0.021826
vt 0.346130 0.129908
vt 0.021882 0.021826
vt 0.021882 0.129908
vn 0.000000 0.000000 1.000000
vn 0.000000 0.000000 1.000000
vn 0.000000 0.000000 1.000000
vn 0.000000 0.000000 1.000000
vn 0.000000 1.000000 0.000000
vn 0.000000 1.000000 0.000000
vn 0.000000 1.000000 0.000000
vn 0.000000 1.000000 0.000000
vn 0.000000 0.000000 -1.000000
vn 0.000000 0.000000 -1.000000
vn 0.000000 0.000000 -1.000000
vn 0.000000 0.000000 -1.000000
vn 0.000000 -1.000000 0.000000
vn 0.000000 -1.000000 0.000000
vn 0.000000 -1.000000 0.000000
vn 0.000000 -1.000000 0.000000
vn 1.000000 0.000000 0.000000
vn 1.000000 0.000000 0.000000
vn 1.000000 0.000000 0.000000
vn 1.000000 0.000000 0.000000
vn -1.000000 0.000000 0.000000
vn -1.000000 0.000000 0.000000
vn -1.000000 0.000000 0.000000
vn -1.000000 0.000000 0.000000
s off
g MS_Bed top
usemtl aiStandardSurface2SG
f 403/708/877 404/709/878 406/711/879 405/710/880
f 405/710/881 406/711/882 408/713/883 407/712/884
f 407/712/885 408/713/886 410/715/887 409/714/888
f 409/714/889 410/715/890 404/717/891 403/716/892
f 404/709/893 410/718/894 408/719/895 406/711/896
f 409/720/897 403/708/898 405/710/899 407/721/900
g default
v 39.568203 201.764526 -116.046295
v 17.440456 198.480103 -116.367493
v -4.564009 197.725815 -116.358055
v -26.628695 199.393188 -116.368034
v -48.949692 201.053680 -116.379318
v -71.578110 202.391632 -116.262482
v 39.381748 196.872742 -79.041359
v 17.691517 191.777771 -79.433426
v -4.802542 191.546051 -79.477180
v -27.259148 191.751007 -79.673721
v -49.639778 192.242493 -80.152473
v -71.744339 195.268555 -80.789970
v 39.313038 196.329788 -41.881332
v 17.325554 193.601761 -41.915024
v -5.059153 194.105042 -42.063316
v -27.484808 195.761414 -42.507233
v -49.787022 198.436478 -43.208492
v -72.139313 198.273071 -43.512939
v 39.287167 196.123901 -4.497406
v 17.106949 198.594543 -4.645905
v -5.212381 200.595688 -5.013268
v -27.624317 201.988785 -5.534241
v -50.119801 202.995117 -5.925751
v -72.324631 199.777283 -6.246124
v 38.517750 191.945297 32.841866
v 16.373150 196.405945 32.854866
v -5.995846 197.811996 32.447823
v -28.378738 198.344727 31.883446
v -50.468582 202.184387 31.782776
v -72.177307 198.653259 31.362839
v 37.563061 191.280075 70.311913
v 15.449326 191.281204 70.189644
v -6.974131 191.280838 69.620842
v -29.222822 193.759842 69.256767
v -50.614555 200.275909 69.404869
v -69.788300 191.280090 68.086708
vt 0.809288 0.786718
vt 0.828591 0.786747
vt 0.847598 0.786865
vt 0.866687 0.786723
vt 0.886003 0.786689
vt 0.905479 0.786943
vt 0.809421 0.818959
vt 0.828494 0.818905
vt 0.847705 0.818942
vt 0.866900 0.818892
vt 0.886030 0.818607
vt 0.905124 0.818073
vt 0.809465 0.851074
vt 0.828453 0.851039
vt 0.847658 0.851081
vt 0.866939 0.850949
vt 0.886230 0.850701
vt 0.905432 0.850390
vt 0.809270 0.883248
vt 0.828431 0.883323
vt 0.847684 0.883310
vt 0.866953 0.883095
vt 0.886252 0.882883
vt 0.905488 0.882545
vt 0.809171 0.915525
vt 0.828567 0.915608
vt 0.847822 0.915513
vt 0.867081 0.915343
vt 0.886357 0.915199
vt 0.905265 0.914958
vt 0.809753 0.947696
vt 0.828733 0.947971
vt 0.848004 0.947902
vt 0.867243 0.947667
vt 0.886464 0.947514
vt 0.904684 0.947179
vn -0.182769 0.980809 0.067899
vn -0.188028 0.970282 0.152310
vn -0.105554 0.981022 0.162648
vn -0.095155 0.993504 0.062422
vn 0.009192 0.983898 0.178492
vn 0.017018 0.998484 0.052346
vn 0.042470 0.978290 0.202844
vn 0.050989 0.997679 0.045136
vn 0.068163 0.973355 0.218939
vn 0.069994 0.996552 0.044564
vn 0.092278 0.971785 0.217069
vn 0.080668 0.995466 0.050392
vn -0.091372 0.994970 -0.041070
vn -0.029261 0.996848 -0.073742
vn 0.044184 0.992159 -0.116912
vn 0.067817 0.988704 -0.133660
vn 0.037589 0.991965 -0.120796
vn -0.003796 0.994765 -0.102122
vn 0.075429 0.997075 0.012358
vn 0.071038 0.997359 -0.015096
vn 0.061134 0.997255 -0.041771
vn 0.076314 0.996211 -0.041723
vn -0.008268 0.999354 -0.034984
vn -0.113193 0.993159 -0.028698
vn 0.127081 0.988403 0.083127
vn 0.088903 0.991256 0.097505
vn 0.051684 0.992068 0.114583
vn 0.110896 0.989199 0.095852
vn -0.025081 0.996785 0.076100
vn -0.221687 0.972296 0.074128
vn 0.063343 0.991008 0.117863
vn 0.099794 0.991845 0.079276
vn 0.045491 0.987335 0.151985
vn 0.147292 0.981970 0.118491
vn -0.023265 0.993638 0.110195
vn -0.295529 0.946838 0.127123
s 1
g MS_Bed pPlane6
usemtl aiStandardSurface2SG
f 417/728/901 411/722/902 412/723/903 418/729/904
f 418/729/904 412/723/903 413/724/905 419/730/906
f 419/730/906 413/724/905 414/725/907 420/731/908
f 420/731/908 414/725/907 415/726/909 421/732/910
f 421/732/910 415/726/909 416/727/911 422/733/912
f 423/734/913 417/728/901 418/729/904 424/735/914
f 424/735/914 418/729/904 419/730/906 425/736/915
f 425/736/915 419/730/906 420/731/908 426/737/916
f 426/737/916 420/731/908 421/732/910 427/738/917
f 427/738/917 421/732/910 422/733/912 428/739/918
f 429/740/919 423/734/913 424/735/914 430/741/920
f 430/741/920 424/735/914 425/736/915 431/742/921
f 431/742/921 425/736/915 426/737/916 432/743/922
f 432/743/922 426/737/916 427/738/917 433/744/923
f 433/744/923 427/738/917 428/739/918 434/745/924
f 435/746/925 429/740/919 430/741/920 436/747/926
f 436/747/926 430/741/920 431/742/921 437/748/927
f 437/748/927 431/742/921 432/743/922 438/749/928
f 438/749/928 432/743/922 433/744/923 439/750/929
f 439/750/929 433/744/923 434/745/924 440/751/930
f 442/753/931 441/752/932 435/746/925 436/747/926
f 443/754/933 442/753/931 436/747/926 437/748/927
f 444/755/934 443/754/933 437/748/927 438/749/928
f 445/756/935 444/755/934 438/749/928 439/750/929
f 446/757/936 445/756/935 439/750/929 440/751/930
g default
v -72.323799 77.771937 69.987823
v -50.196045 74.487513 70.309013
v -28.191580 73.733225 70.299576
v -6.126895 75.400622 70.309555
v 16.194103 77.061091 70.320847
v 38.822517 78.399050 70.204010
v -72.137337 72.880152 32.982883
v -50.447105 67.785181 33.374947
v -27.953049 67.553469 33.418705
v -5.496442 67.758425 33.615242
v 16.884190 68.249903 34.094002
v 38.988750 71.275980 34.731491
v -72.068626 72.337206 -4.177144
v -50.081142 69.609179 -4.143453
v -27.696436 70.112459 -3.995160
v -5.270782 71.768839 -3.551245
v 17.031433 74.443896 -2.849986
v 39.383728 74.280474 -2.545536
v -72.042755 72.131319 -41.561073
v -49.862541 74.601969 -41.412575
v -27.543207 76.603106 -41.045212
v -5.131271 77.996203 -40.524235
v 17.364212 79.002535 -40.132721
v 39.569050 75.784701 -39.812355
v -71.273338 67.952715 -78.900345
v -49.128742 72.413355 -78.913338
v -26.759743 73.819414 -78.506302
v -4.376851 74.352144 -77.941925
v 17.712996 78.191797 -77.841248
v 39.421719 74.660685 -77.421318
v -70.318649 67.287493 -116.370392
v -48.204914 67.288622 -116.248131
v -25.781458 67.288256 -115.679321
v -3.532767 69.767260 -115.315247
v 17.858965 76.283320 -115.463341
v 37.032707 67.287501 -114.145187
vt 0.694427 0.755673
vt 0.712844 0.755700
vt 0.730978 0.755813
vt 0.749190 0.755677
vt 0.767619 0.755644
vt 0.786200 0.755887
vt 0.694554 0.786433
vt 0.712752 0.786381
vt 0.731080 0.786417
vt 0.749393 0.786369
vt 0.767645 0.786097
vt 0.785861 0.785588
vt 0.694596 0.817073
vt 0.712712 0.817039
vt 0.731035 0.817079
vt 0.749430 0.816954
vt 0.767835 0.816717
vt 0.786156 0.816420
vt 0.694410 0.847769
vt 0.712691 0.847840
vt 0.731059 0.847828
vt 0.749444 0.847624
vt 0.767856 0.847421
vt 0.786209 0.847099
vt 0.694315 0.878564
vt 0.712821 0.878643
vt 0.731191 0.878552
vt 0.749565 0.878390
vt 0.767957 0.878252
vt 0.785997 0.878022
vt 0.694871 0.909257
vt 0.712979 0.909520
vt 0.731365 0.909454
vt 0.749721 0.909229
vt 0.768058 0.909084
vt 0.785442 0.908764
vn 0.182768 0.980809 -0.067899
vn 0.188028 0.970282 -0.152311
vn 0.105554 0.981022 -0.162648
vn 0.095155 0.993504 -0.062422
vn -0.009192 0.983898 -0.178492
vn -0.017018 0.998484 -0.052346
vn -0.042470 0.978290 -0.202844
vn -0.050989 0.997679 -0.045136
vn -0.068163 0.973355 -0.218939
vn -0.069994 0.996552 -0.044564
vn -0.092278 0.971785 -0.217069
vn -0.080668 0.995466 -0.050392
vn 0.091371 0.994970 0.041070
vn 0.029261 0.996848 0.073742
vn -0.044185 0.992159 0.116912
vn -0.067817 0.988704 0.133660
vn -0.037589 0.991965 0.120796
vn 0.003796 0.994765 0.102122
vn -0.075429 0.997075 -0.012358
vn -0.071038 0.997359 0.015095
vn -0.061134 0.997255 0.041771
vn -0.076314 0.996211 0.041723
vn 0.008268 0.999354 0.034983
vn 0.113193 0.993158 0.028698
vn -0.127081 0.988403 -0.083127
vn -0.088903 0.991256 -0.097504
vn -0.051684 0.992068 -0.114583
vn -0.110896 0.989199 -0.095852
vn 0.025081 0.996785 -0.076100
vn 0.221686 0.972296 -0.074128
vn -0.063343 0.991008 -0.117862
vn -0.099794 0.991845 -0.079276
vn -0.045491 0.987335 -0.151985
vn -0.147292 0.981970 -0.118491
vn 0.023265 0.993638 -0.110196
vn 0.295528 0.946838 -0.127123
s 1
g MS_Bed pPlane7
usemtl aiStandardSurface2SG
f 453/764/937 447/758/938 448/759/939 454/765/940
f 454/765/940 448/759/939 449/760/941 455/766/942
f 455/766/942 449/760/941 450/761/943 456/767/944
f 456/767/944 450/761/943 451/762/945 457/768/946
f 457/768/946 451/762/945 452/763/947 458/769/948
f 459/770/949 453/764/937 454/765/940 460/771/950
f 460/771/950 454/765/940 455/766/942 461/772/951
f 461/772/951 455/766/942 456/767/944 462/773/952
f 462/773/952 456/767/944 457/768/946 463/774/953
f 463/774/953 457/768/946 458/769/948 464/775/954
f 465/776/955 459/770/949 460/771/950 466/777/956
f 466/777/956 460/771/950 461/772/951 467/778/957
f 467/778/957 461/772/951 462/773/952 468/779/958
f 468/779/958 462/773/952 463/774/953 469/780/959
f 469/780/959 463/774/953 464/775/954 470/781/960
f 471/782/961 465/776/955 466/777/956 472/783/962
f 472/783/962 466/777/956 467/778/957 473/784/963
f 473/784/963 467/778/957 468/779/958 474/785/964
f 474/785/964 468/779/958 469/780/959 475/786/965
f 475/786/965 469/780/959 470/781/960 476/787/966
f 478/789/967 477/788/968 471/782/961 472/783/962
f 479/790/969 478/789/967 472/783/962 473/784/963
f 480/791/970 479/790/969 473/784/963 474/785/964
f 481/792/971 480/791/970 474/785/964 475/786/965
f 482/793/972 481/792/971 475/786/965 476/787/966
g default
v -114.094849 196.489670 85.815407
v -79.922073 207.618195 85.815407
v -24.206293 233.169556 85.815407
v -0.944906 241.471893 85.815407
v 22.039282 268.589996 85.815407
v 51.747162 271.664673 85.815407
v -114.094849 229.604248 85.815407
v -80.113449 235.108551 85.815407
v -47.061546 248.940964 85.815407
v -15.139626 261.818268 85.815407
v 18.005331 284.005219 85.815407
v 51.092178 280.754822 85.815407
v -114.094849 258.712067 85.815407
v -80.101776 261.555145 85.815407
v -47.707733 271.514130 85.815407
v -15.197717 278.088379 85.815407
v 18.193010 291.591339 85.815407
v 51.497482 290.747742 85.815407
v -114.094849 285.631378 85.815407
v -80.061317 285.744659 85.815407
v -46.812775 288.965607 85.815407
v -14.000149 292.048065 85.815407
v 19.429899 310.802856 85.815407
v 53.403137 309.901855 85.815407
v -114.094849 312.301025 85.815407
v -80.061317 309.121765 85.815407
v -46.058929 304.903290 85.815407
v -12.494274 305.662415 85.815407
v 21.467241 321.592957 85.815407
v 56.580338 326.320099 85.531654
v -114.094849 338.935577 85.815407
v -80.061317 333.547333 85.815407
v -46.027786 327.118164 85.815407
v -11.994247 327.118164 85.815407
v 22.039282 333.547333 85.815407
v 56.072815 338.935577 85.815407
v 48.235821 335.514740 83.282928
v 45.686417 336.534760 83.009621
v 43.137012 335.514740 83.282928
v 42.081013 333.052185 83.942764
v 43.137012 330.589661 84.602600
v 45.686417 329.569641 84.875908
v 48.235821 330.589661 84.602600
v 49.291817 333.052185 83.942764
v 49.634449 341.406158 99.866104
v 45.686417 342.985748 99.442848
v 41.738380 341.406158 99.866104
v 40.103050 337.592651 100.887924
v 41.738380 333.779144 101.909752
v 45.686417 332.199524 102.333008
v 49.634449 333.779144 101.909752
v 51.269779 337.592651 100.887924
v 45.686417 333.052185 83.942764
v 45.686417 337.592651 100.887924
v -99.710060 330.029083 83.282928
v -102.259468 331.049103 83.009613
v -104.808868 330.029083 83.282928
v -105.864868 327.566528 83.942764
v -104.808868 325.104004 84.602600
v -102.259468 324.083984 84.875908
v -99.710060 325.104004 84.602600
v -98.654068 327.566528 83.942764
v -98.311432 335.920502 99.866096
v -102.259468 337.500092 99.442848
v -106.207504 335.920502 99.866096
v -107.842834 332.106995 100.887924
v -106.207504 328.293488 101.909752
v -102.259468 326.713867 102.333008
v -98.311432 328.293488 101.909752
v -96.676102 332.106995 100.887924
v -102.259468 327.566528 83.942764
v -102.259468 332.106995 100.887924
vt 0.780827 0.021821
vt 0.808842 0.030822
vt 0.854541 0.051564
vt 0.873613 0.058287
vt 0.892519 0.080416
vt 0.916852 0.082837
vt 0.780933 0.048933
vt 0.808774 0.053331
vt 0.835879 0.064550
vt 0.862057 0.074991
vt 0.889266 0.093050
vt 0.916345 0.090282
vt 0.781027 0.072765
vt 0.808868 0.074984
vt 0.835423 0.083034
vt 0.862062 0.088313
vt 0.889444 0.099261
vt 0.916709 0.098462
vt 0.781113 0.094806
vt 0.808979 0.094789
vt 0.836211 0.097320
vt 0.863087 0.099738
vt 0.890518 0.114986
vt 0.918331 0.114138
vt 0.781199 0.116641
vt 0.809054 0.113929
vt 0.836880 0.110366
vt 0.864364 0.110880
vt 0.892221 0.123815
vt 0.920986 0.127572
vt 0.781284 0.138449
vt 0.809132 0.133928
vt 0.836977 0.128555
vt 0.864842 0.128446
vt 0.892727 0.133600
vt 0.920609 0.137905
vt 0.780827 0.157574
vt 0.783687 0.157574
vt 0.783687 0.171901
vt 0.780827 0.171901
vt 0.786602 0.157574
vt 0.786602 0.171901
vt 0.789551 0.157574
vt 0.789551 0.171901
vt 0.792512 0.157574
vt 0.792512 0.171901
vt 0.795463 0.157574
vt 0.795463 0.171901
vt 0.798383 0.157574
vt 0.798383 0.171901
vt 0.801250 0.157574
vt 0.801250 0.171901
vt 0.804044 0.157574
vt 0.804044 0.171901
vt 0.435644 0.022685
vt 0.437732 0.021820
vt 0.437732 0.024772
vt 0.434780 0.024772
vt 0.435644 0.026860
vt 0.437732 0.027724
vt 0.439819 0.026860
vt 0.440684 0.024772
vt 0.439819 0.022685
vt 0.818824 0.026393
vt 0.818824 0.030965
vt 0.815591 0.029626
vt 0.814252 0.026393
vt 0.815591 0.023161
vt 0.818824 0.021822
vt 0.822056 0.023161
vt 0.823395 0.026393
vt 0.822056 0.029626
vt 0.780827 0.140822
vt 0.783644 0.140822
vt 0.783644 0.155197
vt 0.780827 0.155197
vt 0.786526 0.140822
vt 0.786526 0.155197
vt 0.789451 0.140822
vt 0.789451 0.155197
vt 0.792397 0.140822
vt 0.792397 0.155197
vt 0.795344 0.140822
vt 0.795344 0.155197
vt 0.798268 0.140822
vt 0.798268 0.155197
vt 0.801150 0.140822
vt 0.801150 0.155197
vt 0.803967 0.140822
vt 0.803967 0.155197
vt 0.436377 0.030096
vt 0.438637 0.030096
vt 0.437507 0.032823
vt 0.434780 0.031694
vt 0.434780 0.033953
vt 0.436377 0.035550
vt 0.438637 0.035550
vt 0.440234 0.033953
vt 0.440234 0.031694
vt 0.967905 0.026049
vt 0.966156 0.030272
vt 0.963682 0.027798
vt 0.963682 0.024300
vt 0.966156 0.021826
vt 0.969655 0.021826
vt 0.972129 0.024300
vt 0.972129 0.027798
vt 0.969655 0.030272
vn 0.000000 0.000000 1.000000
vn 0.000000 0.000000 1.000000
vn 0.000000 0.000000 1.000000
vn -0.000000 0.000000 1.000000
vn 0.000000 0.000000 1.000000
vn 0.000000 0.000000 1.000000
vn -0.000000 0.000000 1.000000
vn -0.000000 0.000000 1.000000
vn -0.000000 0.000000 1.000000
vn -0.000000 0.000000 1.000000
vn 0.000000 0.000000 1.000000
vn -0.000000 0.000000 1.000000
vn -0.000000 0.000000 1.000000
vn 0.000000 0.000000 1.000000
vn -0.000000 0.000000 1.000000
vn 0.000000 0.000000 1.000000
vn 0.000000 0.000000 1.000000
vn -0.000000 0.000000 1.000000
vn -0.000000 0.000000 1.000000
vn -0.000000 0.000000 1.000000
vn 0.000000 0.000000 1.000000
vn 0.000000 0.000000 1.000000
vn 0.000757 0.002068 0.999998
vn 0.001621 0.004428 0.999989
vn 0.000000 0.000000 1.000000
vn 0.000000 0.000000 1.000000
vn 0.000000 0.000000 1.000000
vn -0.000000 0.000000 1.000000
vn 0.002196 0.000586 0.999997
vn 0.004792 -0.001965 0.999987
vn 0.000000 0.000000 1.000000
vn 0.000000 0.000000 1.000000
vn 0.000000 0.000000 1.000000
vn -0.000000 0.000000 1.000000
vn 0.002903 -0.005793 0.999979
vn 0.005795 -0.011563 0.999916
vn 0.380623 0.860782 -0.337907
vn 0.380623 0.860782 -0.337907
vn 0.380623 0.860782 -0.337907
vn 0.380623 0.860782 -0.337907
vn -0.380624 0.860782 -0.337906
vn -0.380624 0.860782 -0.337906
vn -0.380624 0.860782 -0.337906
vn -0.380624 0.860782 -0.337906
vn -0.918908 0.340839 -0.198589
vn -0.918908 0.340839 -0.198589
vn -0.918908 0.340839 -0.198589
vn -0.918908 0.340839 -0.198589
vn -0.918907 -0.394471 -0.001563
vn -0.918907 -0.394471 -0.001563
vn -0.918907 -0.394471 -0.001563
vn -0.918907 -0.394471 -0.001563
vn -0.380626 -0.914411 0.137755
vn -0.380626 -0.914411 0.137755
vn -0.380626 -0.914411 0.137755
vn -0.380626 -0.914411 0.137755
vn 0.380627 -0.914411 0.137754
vn 0.380626 -0.914411 0.137754
vn 0.380627 -0.914411 0.137754
vn 0.380626 -0.914411 0.137754
vn 0.918907 -0.394471 -0.001563
vn 0.918907 -0.394471 -0.001563
vn 0.918907 -0.394471 -0.001563
vn 0.918907 -0.394471 -0.001563
vn 0.918908 0.340838 -0.198589
vn 0.918908 0.340838 -0.198589
vn 0.918908 0.340838 -0.198589
vn 0.918908 0.340838 -0.198589
vn 0.000002 -0.258816 -0.965927
vn 0.000000 -0.258817 -0.965926
vn -0.000000 -0.258818 -0.965926
vn -0.000002 -0.258819 -0.965926
vn -0.000005 -0.258821 -0.965925
vn -0.000000 -0.258820 -0.965926
vn 0.000005 -0.258819 -0.965926
vn 0.000002 -0.258818 -0.965926
vn -0.000002 -0.258817 -0.965926
vn -0.000000 0.258819 0.965926
vn 0.000000 0.258819 0.965926
vn 0.000000 0.258819 0.965926
vn 0.000000 0.258820 0.965926
vn 0.000000 0.258820 0.965926
vn -0.000001 0.258819 0.965926
vn -0.000001 0.258818 0.965926
vn -0.000001 0.258818 0.965926
vn 0.000000 0.258819 0.965926
vn 0.380622 0.860782 -0.337907
vn 0.380622 0.860782 -0.337907
vn 0.380622 0.860782 -0.337907
vn 0.380622 0.860782 -0.337907
vn -0.380621 0.860782 -0.337908
vn -0.380621 0.860782 -0.337908
vn -0.380621 0.860782 -0.337908
vn -0.380621 0.860782 -0.337908
vn -0.918909 0.340837 -0.198589
vn -0.918908 0.340837 -0.198589
vn -0.918909 0.340837 -0.198589
vn -0.918909 0.340837 -0.198589
vn -0.918906 -0.394473 -0.001563
vn -0.918906 -0.394473 -0.001563
vn -0.918906 -0.394473 -0.001563
vn -0.918906 -0.394473 -0.001563
vn -0.380627 -0.914411 0.137755
vn -0.380627 -0.914411 0.137755
vn -0.380627 -0.914411 0.137755
vn -0.380627 -0.914411 0.137755
vn 0.380625 -0.914412 0.137753
vn 0.380625 -0.914412 0.137753
vn 0.380625 -0.914412 0.137753
vn 0.380625 -0.914412 0.137753
vn 0.918908 -0.394470 -0.001564
vn 0.918908 -0.394470 -0.001564
vn 0.918908 -0.394470 -0.001564
vn 0.918908 -0.394470 -0.001564
vn 0.918909 0.340837 -0.198588
vn 0.918909 0.340837 -0.198588
vn 0.918909 0.340837 -0.198588
vn 0.918909 0.340837 -0.198588
vn -0.000002 -0.258819 -0.965926
vn 0.000000 -0.258819 -0.965926
vn 0.000000 -0.258819 -0.965926
vn -0.000003 -0.258819 -0.965926
vn -0.000005 -0.258819 -0.965926
vn 0.000000 -0.258819 -0.965926
vn 0.000005 -0.258819 -0.965926
vn 0.000003 -0.258819 -0.965926
vn 0.000002 -0.258819 -0.965926
vn -0.000000 0.258819 0.965926
vn 0.000000 0.258819 0.965926
vn 0.000000 0.258820 0.965926
vn 0.000000 0.258820 0.965926
vn 0.000000 0.258819 0.965926
vn -0.000001 0.258819 0.965926
vn -0.000001 0.258819 0.965926
vn -0.000001 0.258819 0.965926
vn 0.000000 0.258819 0.965926
s 1
g MS_Bed MS_Flag
usemtl aiStandardSurface2SG
f 484/795/973 490/801/974 489/800/975 483/794/976
f 485/796/977 491/802/978 490/801/974 484/795/973
f 486/797/979 492/803/980 491/802/978 485/796/977
f 487/798/981 493/804/982 492/803/980 486/797/979
f 488/799/983 494/805/984 493/804/982 487/798/981
f 490/801/974 496/807/985 495/806/986 489/800/975
f 491/802/978 497/808/987 496/807/985 490/801/974
f 492/803/980 498/809/988 497/808/987 491/802/978
f 493/804/982 499/810/989 498/809/988 492/803/980
f 494/805/984 500/811/990 499/810/989 493/804/982
f 496/807/985 502/813/991 501/812/992 495/806/986
f 497/808/987 503/814/993 502/813/991 496/807/985
f 498/809/988 504/815/994 503/814/993 497/808/987
f 499/810/989 505/816/995 504/815/994 498/809/988
f 500/811/990 506/817/996 505/816/995 499/810/989
f 502/813/991 508/819/997 507/818/998 501/812/992
f 503/814/993 509/820/999 508/819/997 502/813/991
f 504/815/994 510/821/1000 509/820/999 503/814/993
f 505/816/995 511/822/1001 510/821/1000 504/815/994
f 506/817/996 512/823/1002 511/822/1001 505/816/995
f 508/819/997 514/825/1003 513/824/1004 507/818/998
f 509/820/999 515/826/1005 514/825/1003 508/819/997
f 510/821/1000 516/827/1006 515/826/1005 509/820/999
f 511/822/1001 517/828/1007 516/827/1006 510/821/1000
f 512/823/1002 518/829/1008 517/828/1007 511/822/1001
s off
f 519/830/1009 520/831/1010 528/832/1011 527/833/1012
f 520/831/1013 521/834/1014 529/835/1015 528/832/1016
f 521/834/1017 522/836/1018 530/837/1019 529/835/1020
f 522/836/1021 523/838/1022 531/839/1023 530/837/1024
f 523/838/1025 524/840/1026 532/841/1027 531/839/1028
f 524/840/1029 525/842/1030 533/843/1031 532/841/1032
f 525/842/1033 526/844/1034 534/845/1035 533/843/1036
f 526/844/1037 519/846/1038 527/847/1039 534/845/1040
s 2
f 521/848/1041 520/849/1042 535/850/1043 522/851/1044
f 523/852/1045 522/851/1044 535/850/1043 524/853/1046
f 525/854/1047 524/853/1046 535/850/1043 526/855/1048
f 519/856/1049 526/855/1048 535/850/1043 520/849/1042
s 3
f 536/857/1050 528/858/1051 529/859/1052 530/860/1053
f 536/857/1050 530/860/1053 531/861/1054 532/862/1055
f 536/857/1050 532/862/1055 533/863/1056 534/864/1057
f 536/857/1050 534/864/1057 527/865/1058 528/858/1051
s off
f 537/866/1059 538/867/1060 546/868/1061 545/869/1062
f 538/867/1063 539/870/1064 547/871/1065 546/868/1066
f 539/870/1067 540/872/1068 548/873/1069 547/871/1070
f 540/872/1071 541/874/1072 549/875/1073 548/873/1074
f 541/874/1075 542/876/1076 550/877/1077 549/875/1078
f 542/876/1079 543/878/1080 551/879/1081 550/877/1082
f 543/878/1083 544/880/1084 552/881/1085 551/879/1086
f 544/880/1087 537/882/1088 545/883/1089 552/881/1090
s 4
f 539/884/1091 538/885/1092 553/886/1093 540/887/1094
f 541/888/1095 540/887/1094 553/886/1093 542/889/1096
f 543/890/1097 542/889/1096 553/886/1093 544/891/1098
f 537/892/1099 544/891/1098 553/886/1093 538/885/1092
s 5
f 554/893/1100 546/894/1101 547/895/1102 548/896/1103
f 554/893/1100 548/896/1103 549/897/1104 550/898/1105
f 554/893/1100 550/898/1105 551/899/1106 552/900/1107
f 554/893/1100 552/900/1107 545/901/1108 546/894/1101
g default
v -128.733170 340.569138 -156.665873
v -126.468109 341.507401 -156.671525
v -126.457413 340.569077 -159.048423
v 53.993851 340.569077 -156.660285
v 51.723335 340.569138 -159.048375
v 51.728729 341.507401 -156.671525
v -128.733231 340.569077 82.869050
v -126.462723 340.569138 85.257092
v -126.468109 341.507401 82.880274
v 53.993790 340.569138 82.874622
v 51.728729 341.507401 82.880274
v 51.718040 340.569077 85.257172
v -128.312744 340.153061 -158.609365
v 53.575432 340.153061 -158.607171
v -128.314819 340.153061 84.815920
v 53.573357 340.153061 84.818097
v -128.729294 332.838822 -156.119184
v -128.730957 332.838822 82.351469
v -128.052399 332.838822 84.528300
v -126.013794 332.838822 85.245227
v 51.295589 332.838822 85.248061
v 53.318325 332.838822 84.522920
v 53.989914 332.838822 82.327932
v 53.991581 332.838822 -156.142705
v 53.313015 332.838822 -158.319536
v 51.274410 332.838822 -159.036495
v -126.034958 332.838822 -159.039329
v -128.057709 332.838822 -158.314172
v -128.733170 325.108505 -156.665873
v -126.468109 324.170242 -156.671525
v -126.457413 325.108566 -159.048423
v 53.993851 325.108566 -156.660285
v 51.723335 325.108505 -159.048375
v 51.728729 324.170242 -156.671525
v -128.733231 325.108566 82.869050
v -126.462723 325.108505 85.257092
v -126.468109 324.170242 82.880274
v 53.993790 325.108505 82.874622
v 51.728729 324.170242 82.880274
v 51.718040 325.108566 85.257172
v -128.312744 325.524582 -158.609365
v 53.575432 325.524582 -158.607171
v -128.314819 325.524582 84.815920
v 53.573357 325.524582 84.818097
vt 0.768879 0.415742
vt 0.880883 0.415742
vt 0.880883 0.225836
vt 0.768879 0.225836
vt 0.767064 0.415742
vt 0.213757 0.965283
vt 0.217363 0.965283
vt 0.768879 0.417557
vt 0.333062 0.965283
vt 0.882697 0.415742
vt 0.880883 0.417557
vt 0.329459 0.965283
vt 0.023677 0.965283
vt 0.767064 0.225836
vt 0.768879 0.224021
vt 0.882697 0.225836
vt 0.523148 0.965283
vt 0.748979 0.234106
vt 0.767064 0.417557
vt 0.215587 0.965283
vt 0.331243 0.965283
vt 0.882697 0.417557
vt 0.021882 0.965283
vt 0.767064 0.224021
vt 0.882697 0.224021
vt 0.524954 0.965283
vt 0.880883 0.224021
vt 0.750751 0.234106
vt 0.635330 0.234106
vt 0.637111 0.234106
vt 0.213757 0.970325
vt 0.023677 0.970324
vt 0.021882 0.970324
vt 0.635330 0.229063
vt 0.637111 0.229063
vt 0.748979 0.229063
vt 0.524954 0.970324
vt 0.750751 0.229063
vt 0.523148 0.970325
vt 0.333062 0.970324
vt 0.331243 0.970324
vt 0.329459 0.970325
vt 0.217363 0.970324
vt 0.215587 0.970325
vt 0.768879 0.415742
vt 0.767064 0.415742
vt 0.767064 0.225836
vt 0.768879 0.225836
vt 0.023677 0.965283
vt 0.213757 0.965283
vt 0.213757 0.970325
vt 0.023677 0.970324
vt 0.217363 0.965283
vt 0.329459 0.965283
vt 0.329459 0.970325
vt 0.217363 0.970324
vt 0.768879 0.417557
vt 0.880883 0.415742
vt 0.880883 0.417557
vt 0.215587 0.965283
vt 0.215587 0.970325
vt 0.333062 0.965283
vt 0.523148 0.965283
vt 0.523148 0.970325
vt 0.333062 0.970324
vt 0.882697 0.415742
vt 0.880883 0.225836
vt 0.882697 0.225836
vt 0.331243 0.965283
vt 0.331243 0.970324
vt 0.021882 0.970324
vt 0.021882 0.965283
vt 0.635330 0.229063
vt 0.637111 0.229063
vt 0.637111 0.234106
vt 0.635330 0.234106
vt 0.748979 0.229063
vt 0.750751 0.229063
vt 0.750751 0.234106
vt 0.748979 0.234106
vt 0.524954 0.970324
vt 0.524954 0.965283
vt 0.768879 0.224021
vt 0.880883 0.224021
vt 0.767064 0.417557
vt 0.882697 0.417557
vt 0.767064 0.224021
vt 0.882697 0.224021
vn -0.005175 0.999979 -0.003851
vn -0.382424 0.923984 -0.002402
vn -0.382429 0.923982 0.002392
vn -0.005168 0.999979 0.003856
vn -0.999998 -0.000642 0.002066
vn -0.999998 -0.000646 -0.002074
vn -0.999998 -0.000000 -0.002019
vn -0.999998 -0.000000 0.002030
vn -0.002902 -0.001673 -0.999994
vn 0.002916 -0.001678 -0.999994
vn 0.002909 0.000000 -0.999996
vn -0.002920 0.000000 -0.999996
vn -0.003230 0.930278 -0.366842
vn 0.005168 0.999979 -0.003856
vn 0.003244 0.930281 -0.366835
vn -0.967207 -0.030755 -0.252123
vn -0.967664 0.000000 -0.252242
vn -0.284359 0.000000 -0.958718
vn -0.284212 -0.032179 -0.958221
vn 0.999998 -0.000644 -0.002066
vn 0.999998 -0.000647 0.002074
vn 0.999998 -0.000000 0.002019
vn 0.999998 -0.000000 -0.002030
vn 0.382429 0.923982 -0.002392
vn 0.005175 0.999979 0.003851
vn 0.382424 0.923984 0.002402
vn 0.281966 -0.032422 -0.958876
vn 0.282114 -0.000000 -0.959381
vn 0.967154 -0.000000 -0.254191
vn 0.966701 -0.030607 -0.254072
vn -0.967155 -0.000000 0.254187
vn -0.966702 -0.030604 0.254067
vn -0.282098 0.000000 0.959386
vn -0.002909 -0.000000 0.999996
vn -0.002915 -0.001678 0.999994
vn -0.281950 -0.032419 0.958881
vn 0.002920 -0.000000 0.999996
vn 0.284353 -0.000000 0.958720
vn 0.284205 -0.032179 0.958223
vn 0.002902 -0.001673 0.999994
vn 0.967663 -0.000000 0.252247
vn 0.967205 -0.030753 0.252127
vn -0.003244 0.930284 0.366826
vn 0.003230 0.930281 0.366833
vn -0.326882 0.891992 -0.312248
vn 0.327652 0.891971 -0.311500
vn -0.327651 0.891971 0.311500
vn 0.326883 0.891992 0.312247
vn -0.005175 -0.999979 -0.003851
vn -0.005168 -0.999979 0.003857
vn -0.382429 -0.923982 0.002392
vn -0.382424 -0.923984 -0.002402
vn -0.999998 0.000642 0.002066
vn -0.999998 0.000645 -0.002074
vn -0.002902 0.001673 -0.999994
vn 0.002916 0.001678 -0.999994
vn -0.003230 -0.930277 -0.366844
vn 0.003244 -0.930280 -0.366837
vn 0.005168 -0.999979 -0.003856
vn -0.967207 0.030755 -0.252122
vn -0.284211 0.032179 -0.958221
vn 0.999998 0.000644 -0.002066
vn 0.999998 0.000647 0.002074
vn 0.382429 -0.923982 -0.002392
vn 0.382424 -0.923984 0.002402
vn 0.005175 -0.999979 0.003851
vn 0.281965 0.032422 -0.958877
vn 0.966701 0.030607 -0.254072
vn -0.966702 0.030604 0.254068
vn -0.281950 0.032419 0.958881
vn -0.002915 0.001678 0.999994
vn 0.002902 0.001673 0.999994
vn 0.284206 0.032179 0.958223
vn 0.967205 0.030753 0.252127
vn 0.003230 -0.930276 0.366847
vn -0.003244 -0.930278 0.366840
vn -0.326881 -0.891993 -0.312246
vn 0.327652 -0.891970 -0.311503
vn -0.327649 -0.891969 0.311508
vn 0.326883 -0.891992 0.312247
s 1
g MS_Bed pCube17
usemtl aiStandardSurface2SG
f 556/902/1109 555/906/1110 561/915/1111 563/905/1112
s 2
f 561/914/1113 555/907/1114 571/932/1115 572/933/1116
s 3
f 557/908/1117 559/913/1118 580/943/1119 581/944/1120
s 1
f 557/909/1121 556/902/1109 560/903/1122 559/912/1123
s 2
f 567/921/1124 582/945/1125 571/932/1115 555/907/1114
s 3
f 557/908/1117 581/944/1120 582/945/1126 567/921/1127
s 4
f 558/910/1128 564/918/1129 577/940/1130 578/941/1131
s 1
f 558/911/1132 560/903/1122 565/904/1133 564/917/1134
s 3
f 568/922/1135 579/942/1136 580/943/1119 559/913/1118
s 4
f 558/910/1128 578/941/1131 579/942/1137 568/922/1138
s 2
f 561/914/1113 572/933/1116 573/934/1139 569/924/1140
s 5
f 573/935/1141 574/936/1142 562/931/1143 569/930/1144
f 575/937/1145 576/939/1146 570/929/1147 566/919/1148
s 4
f 576/938/1149 577/940/1130 564/918/1129 570/927/1150
s 1
f 563/905/1112 562/916/1151 566/928/1152 565/904/1133
s 5
f 574/936/1142 575/937/1145 566/919/1148 562/931/1143
s 1
f 563/905/1112 565/904/1133 560/903/1122 556/902/1109
f 555/906/1110 556/902/1109 557/909/1121 567/920/1153
f 559/912/1123 560/903/1122 558/911/1132 568/923/1154
f 562/916/1151 563/905/1112 561/915/1111 569/925/1155
f 564/917/1134 565/904/1133 566/928/1152 570/926/1156
s 7
f 584/946/1157 591/949/1158 589/948/1159 583/947/1160
s 2
f 589/950/1161 572/953/1116 571/952/1115 583/951/1162
s 3
f 585/954/1163 581/957/1120 580/956/1119 587/955/1164
s 7
f 585/958/1165 587/960/1166 588/959/1167 584/946/1157
s 2
f 595/961/1168 583/951/1162 571/952/1115 582/962/1125
s 3
f 585/954/1163 595/961/1169 582/962/1126 581/957/1120
s 4
f 586/963/1170 578/966/1131 577/965/1130 592/964/1171
s 7
f 586/967/1172 592/969/1173 593/968/1174 588/959/1167
s 3
f 596/970/1175 587/955/1164 580/956/1119 579/971/1136
s 4
f 586/963/1170 596/970/1176 579/971/1137 578/966/1131
s 2
f 589/950/1161 597/973/1177 573/972/1139 572/953/1116
s 5
f 573/974/1141 597/977/1178 590/976/1179 574/975/1142
f 575/978/1145 594/981/1180 598/980/1181 576/979/1146
s 4
f 576/982/1149 598/983/1182 592/964/1171 577/965/1130
s 7
f 591/949/1158 593/968/1174 594/985/1183 590/984/1184
s 5
f 574/975/1142 590/976/1179 594/981/1180 575/978/1145
s 7
f 591/949/1158 584/946/1157 588/959/1167 593/968/1174
f 583/947/1160 595/986/1185 585/958/1165 584/946/1157
f 587/960/1166 596/987/1186 586/967/1172 588/959/1167
f 590/984/1184 597/988/1187 589/948/1159 591/949/1158
f 592/969/1173 598/989/1188 594/985/1183 593/968/1174
